Record ID,Name,City,Name2,Site Address,Class 1,# of Attempts,# of Pos Buys,Most Recent was pos,Had AC,In Appeal,Days Since Last Attempt,Priorty,Can Visit,
PR0055261,SMOKER ZONE,LEWIS CENTER,SMOKER ZONE LEWIS CENTER INC,8927 S OLD STATE RD,1,4,1,1,1,0,15,6,1,
PR0054170,SHEETZ #725,COLUMBUS,OHIO SPRINGS INC,1555 POLARIS PKWY,1,4,2,1,0,1,4,6,0,
PR0050047,AFICIONADO'S,LEWIS CENTER,LC 8909 LIMITED LIABILITY COMPANY,8909 S OLD STATE RD,1,0,0,0,0,0,0,20,1,
PR0049915,SHEETZ #758,COLUMBUS,OHIO SPRINGS INC,920 POLARIS PKWY,1,0,0,0,0,0,0,20,1,
PR0045745,KEYSTONE PUB,COLUMBUS,"TEN EIGHTY ONE, LLC",1081 GEMINI PL,1,3,0,0,0,0,6,1,0,
PR0041223,VAPORFI,COLUMBUS,JSMT LLC,1077 POLARIS PKWY,1,3,1,0,0,0,23,1,1,
PR0040744,DRUG MART #65,LEWIS CENTER,DISCOUNT DRUG MART INC,8951 S OLD STATE RD,1,5,0,0,0,0,19,1,1,
PR0040695,SPEEDWAY 9376,LEWIS CENTER,SPEEDWAY LLC,770 POLARIS PKWY,1,3,0,0,0,0,9,1,0,
PR0040579,BEDS 'N' STUFF SUPERSTORE,LEWIS CENTER,WATERBEDS 'N' STUFF INC,720 POLARIS PKWY,1,4,1,0,0,1,7,1,0,
PR0040425,KROGER FUEL CENTER #839,COLUMBUS,KROGER CO,1177 POLARIS PKWY,1,5,2,1,1,0,25,6,1,
PR0040153,TRUE NORTH STORE #604,COLUMBUS,TRUE NORTH ENERGY LLC,8500 N HIGH ST,1,5,0,0,0,0,23,1,1,
PR0039738,SANCUS CARRYOUT,WESTERVILLE,GIRISH INC,8296 SANCUS BLVD,1,0,0,0,0,0,0,20,1,
PR0039620,KROGER #839,COLUMBUS,KROGER CO,1177 POLARIS PKWY,1,5,1,1,0,0,10,6,0,
PR0039664,UNITED DAIRY FARMERS #653,COLUMBUS,UDF LIMITED PARTNERSHIP II,8480 N HIGH ST,1,1,0,0,0,0,3,10,0,
PR0039685,WALGREENS #13007,COLUMBUS,WALGREEN CO,1040 POLARIS PKWY,1,3,2,0,1,0,6,1,0,
PR0039264,DUCHESS POLARIS FASHION MALL #1633,COLUMBUS,ENGLEFIELD INC,1060 POLARIS PKWY,1,4,0,0,0,0,18,1,1,
PR0039100,CIRCLE K  #4705265,WESTERVILLE,MAC'S CONVENIENCE STORES LLC,8303 SANCUS BLVD,1,3,3,1,1,1,3,6,0,
PR0054136,VAPE STAR,COLUMBUS,VAPESTAR SAWMILL LLC,6634 SAWMILL RD,1,0,0,0,0,0,0,20,1,
PR0054137,SMOKER WORLD,DUBLIN,SMOKER WORLD TUTTLE MALL LLC,5043 TUTTLE CROSSING BLVD STE 164,1,5,2,0,0,0,12,1,0,
PR0053982,GET GO #3529,DUBLIN,GETGO OPERATING LLC,6780 HAYDEN RUN RD,1,0,0,0,0,0,0,20,1,
PR0053651,SHEETZ #862,COLUMBUS,OHIO SPRINGS INC,7480 SAWMILL RD,1,3,1,0,0,0,26,1,1,
PR0053492,BEST BUDZ THREE SMOKE SHOP,COLUMBUS,7424 SAWMILL RD INC,7424 SAWMILL RD,1,5,0,0,0,0,27,1,1,
PR0052229,SMOKE 2 VAPE & TOBACCO,DUBLIN,SMOKE 2 VAPE & TOBACCO LLC,7650 SAWMILL RD,1,2,1,0,0,1,25,5,0,
PR0051926,MARATHON,COLUMBUS,BARSA PETROLEUM LLC,3760 SNOUFFER RD STE A,1,2,0,0,0,0,13,5,0,
PR0051517,ECKELS MARKET,COLUMBUS,BARSA MART LLC,1943 HARD RD,1,0,0,0,0,0,0,20,1,
PR0051085,SMOKE SHOP,HILLIARD,"AL ABO JOUDEYA, INC",6520 HAYDEN RUN RD UNIT 4,1,4,1,1,0,1,6,6,0,
PR0049747,UNITED DAIRY FARMERS #680,DUBLIN,UNITED DAIRY FARMERS INC,5171 RIGGINS RD,1,4,2,0,1,0,2,1,0,
PR0047918,SMOKE SHOP,COLUMBUS,DUBLIN SMOKY ROW INC,1898 HARD RD,1,2,1,1,0,0,18,10,1,
PR0047000,ARABIAN MARKET,COLUMBUS,ARABIAN MARKET LLC,1910 HARD RD,1,4,0,0,0,0,23,1,1,
PR0046120,PJ'S DRIVE THRU,COLUMBUS,OM RETAILING LLC,1973 HARD RD,1,1,0,0,0,0,10,10,0,
PR0045472,UNITED DAIRY FARMERS #624,DUBLIN,UDF LIMITED PARTNERSHIP II,5025 TUTTLE CROSSING BLVD,1,3,0,0,0,0,18,1,1,
PR0043259,ALE & ICE,POWELL,ALE AND ICE LLC,8751 SMOKY ROW RD,1,1,0,0,0,0,14,10,1,
PR0041548,LION'S DEN,COLUMBUS,DUBLIN RETAIL 59 LLC,3586 W DUBLIN GRANVILLE RD,1,2,1,0,0,1,21,5,0,
PR0041129,DUKE/DUCHESS #1626,COLUMBUS,ENGLEFIELD INC,7310 SAWMILL RD,1,4,3,1,1,1,8,6,0,
PR0040532,TOP NOTCH VAPOR,COLUMBUS,TOP NOTCH VAPOR LLC,3496 W DUBLIN - GRANVILLE RD,1,4,0,0,0,0,19,1,1,
PR0040109,DUCHESS TUTTLE CROSSING #1625,DUBLIN,ENGLEFIELD INC,5099 TUTTLE CROSSING BLV,1,3,0,0,0,0,28,1,1,
PR0040095,DOLLAR GENERAL #17280,COLUMBUS,DOLGEN MIDWEST LLC/OB,1862 HARD RD,1,2,0,0,0,0,26,5,1,
PR0039606,UNITED DAIRY FARMERS #622,COLUMBUS,UDF LIMITED PARTNERSHIP I,1930 HARD RD,1,3,0,0,0,0,15,1,1,
PR0039623,TURKEY HILL MINIT MARKET,DUBLIN,TH MIDWEST INC,5350 TUTTLE CROSSING BLVD,1,3,0,0,0,0,10,1,0,
PR0039540,TRUE NORTH STORE #611,DUBLIN,TRUE NORTH ENERGY LLC,5340 TUTTLE CROSSING BLVD,1,5,2,1,0,0,25,6,0,
PR0039547,TRUE NORTH STORE #609,COLUMBUS,TRUE NORTH ENERGY LLC,6790 SAWMILL RD,1,5,1,1,0,0,15,6,1,
PR0039314,GIANT EAGLE #6529,HILLIARD,TAMARKIN CO,6700 HAYDEN RUN RD,1,1,0,0,0,0,25,10,1,
PR0039124,BELL STORES #123,COLUMBUS,BELL STORES INC,7200 SAWMILL RD,1,1,0,0,0,0,5,10,0,
PR0054711,SMOKE HUB,WORTHINGTON,SMOKE HUB SS LLC,1119 WORTHINGTON WOODS BLVD,2,2,0,0,0,0,6,5,0,
PR0054642,VAPOR HIGH UP INC,WESTERVILLE,VAPOR HIGH UP INC,8282 SANCUS BLVD,2,2,1,0,0,1,2,5,0,
PR0054134,VAPOR MAVEN,COLUMBUS,VAPOR MAVEN WORTHINGTON LLC,1345 WORTHINGTON CENTRE DR,2,1,1,1,0,0,1,15,0,
PR0053599,POWELL SHELL,POWELL,2080 OPERATING LLC,2080 SUMMIT ROW BLVD,2,5,2,1,0,0,30,6,0,
PR0053459,J & S STOP N SHOP,COLUMBUS,J & S STOP N SHOP LLC,6867 FLAGS CENTER DR,2,4,2,0,1,0,1,1,0,
PR0052240,SHEETZ #825 - HIGH CROSS,COLUMBUS,OHIO SPRINGS INC,161 E CAMPUS VIEW BLVD,2,1,1,1,0,1,24,15,0,
PR0050136,BULLDOG'S BEER WINE BREW THRU,COLUMBUS,AATMIYA LLC,987 WORTHINGTON WOODS LOOP RD,2,3,0,0,0,0,7,1,0,
PR0050107,TO THE MOON SMOKE & VAPE,WESTERVILLE,TO THE MOON INDUSTRIES 2 LLC,8293 MARKET EXCHANGE DR,2,4,0,0,0,0,28,1,1,
PR0045858,CERTIFIED OIL *490,COLUMBUS,CERTIFIED OIL CORPORATION,2025 IKEA WY,2,3,1,0,0,0,9,1,0,
PR0045468,UNITED DAIRY FARMERS #674,COLUMBUS,UDF LIMITED PARTNERSHIP I,2191 POLARIS PKWY,2,0,0,0,0,0,0,20,1,
PR0045473,UNITED DAIRY FARMERS #652,WORTHINGTON,UDF LIMITED PARTNERSHIP II,7580 WORTH-GALENA RD,2,2,0,0,0,0,0,5,1,
PR0044597,LAZELLE BEER WINE DRIVE THRU,WESTERVILLE,CHETU LLC,451 LAZELLE RD,2,4,1,1,0,1,7,6,0,
PR0040959,CHATEAU WINE & SPIRITS,COLUMBUS,SIDDHI 117 LLC,2131 POLARIS PKWY,2,5,0,0,0,0,26,1,1,
PR0040426,KROGER FUEL CENTER #879,COLUMBUS,KROGER CO,1425 WORTHINGTON CENTRE DR,2,3,1,0,0,0,10,1,0,
PR0040090,KROGER #879,COLUMBUS,KROGER CO,1425 WORTHINGTON CTR DR,2,3,0,0,0,0,24,1,1,
PR0039844,DUCHESS I-71 & POLARIS PKWY #1622,COLUMBUS,ENGLEFIELD INC,1925 POLARIS PKWY,2,0,0,0,0,0,0,20,1,
PR0039604,TRUE NORTH STORE #675,COLUMBUS,TRUE NORTH ENERGY LLC,1955 POLARIS PKWY,2,2,1,0,0,0,11,5,0,
PR0039441,DUCHESS SHOPPE SANCUS BLVD #1270,WORTHINGTON,ENGLEFIELD INC,7525 SANCUS BLVD,2,5,1,0,0,0,14,1,1,
PR0039533,SPEEDWAY 3384,COLUMBUS,SPEEDWAY LLC,825 WORTHINGTON WOODS BLVD,2,1,0,0,0,0,13,10,0,
PR0039361,HUMIDOR PLUS,COLUMBUS,HUMIDOR PLUS INC,6157 CLEVELAND AVE,2,4,0,0,0,0,29,1,1,
PR0039073,CIRCLE K  #4705267,COLUMBUS,MAC'S CONVENIENCE STORES LLC,1573 SCHROCK RD,2,2,0,0,0,0,4,5,0,
PR0054462,EXOTIC PUFF N STUFF,COLUMBUS,EXOTIC PUFF N STUFF LLC,1496 BETHEL RD,2,3,1,0,0,0,6,1,0,
PR0053979,GET GO #3504,COLUMBUS,GETGO OPERATING LLC,2888 BETHEL RD,2,1,0,0,0,0,2,10,0,
PR0052565,PERFECT POUR BEVERAGE,DUBLIN,PERFECT POUR BEVERAGE LLC,2827 FESTIVAL LN,2,4,1,0,0,0,15,1,1,
PR0050355,SHEETZ #767,COLUMBUS,OHIO SPRINGS INC,1380 BETHEL RD,2,4,1,0,0,1,23,1,0,
PR0047688,MIDWEST WELLNESS STORE,COLUMBUS,MIDWEST WELLNESS COMPANIES LLC,5425 BETHEL SAWMILL CTR,2,5,0,0,0,0,27,1,1,
PR0046674,MEIJER GAS STATION #58,DUBLIN,MEIJER STORES LIMITED PARTNERSHIP,6155 SAWMILL RD,2,0,0,0,0,0,0,20,1,
PR0045854,QUENCHING CAVERNS,COLUMBUS,VIAAN LLC,5250 GODOWN RD,2,3,1,0,0,0,17,1,1,
PR0041172,TROPICAL TRENDS,COLUMBUS,TROPICAL TRENDS INC,2594 BETHEL RD,2,5,2,1,1,0,2,6,0,
PR0040652,GREAT VAPES,COLUMBUS,GREAT VAPES LLC,1294 BETHEL RD,2,2,1,0,0,0,26,5,1,
PR0040441,KROGER FUEL CENTER #818,COLUMBUS,KROGER CO,2090 CROWN PLAZA DR,2,1,0,0,0,0,4,10,0,
PR0040133,SPEEDWAY 9159,COLUMBUS,SPEEDWAY LLC,1790 HENDERSON RD,2,0,0,0,0,0,0,20,1,
PR0039870,LA MICHOACANA #8,COLUMBUS,LA MICHOACANA MEXICAN MARKET #4 LLC,5445 BETHEL SAWMILL CTR,2,5,1,0,0,0,28,1,1,
PR0039599,KROGER #818,COLUMBUS,KROGER CO,2090 CROWN PLAZA DR,2,0,0,0,0,0,0,20,1,
PR0039428,MARC'S UPPER ARLINGTON,COLUMBUS,MARC GLASSMAN INC,1828 W HENDERSON RD,2,2,0,0,0,0,30,5,1,
PR0039513,SPEEDWAY 9283,DUBLIN,SPEEDWAY LLC,5984 SAWMILL RD,2,5,1,1,0,1,17,6,0,
PR0039537,TRUE NORTH STORE #610,COLUMBUS,TRUE NORTH ENERGY LLC,2800 BETHEL RD,2,3,2,0,1,0,18,1,1,
PR0039564,SPEEDWAY 9147,COLUMBUS,SPEEDWAY LLC,1434 BETHEL RD,2,1,0,0,0,0,21,10,1,
PR0039242,CERTIFIED OIL #488,COLUMBUS,CERTIFIED OIL CORPORATION,1401 BETHEL RD,2,2,0,0,0,0,30,5,1,
PR0039080,3-C FOOD MART,DUBLIN,PINKU INC,5825 SAWMILL RD,2,1,0,0,0,0,10,10,0,
PR0051626,BEER ZONE,COLUMBUS,BEER ZONE LLC,4658 KENNY RD,3,4,1,0,0,1,12,1,0,
PR0046318,GURU WINES,WORTHINGTON,GURU WINES LLC,2285 W DUBLIN GRANVILLE RD STE 117,3,1,0,0,0,0,11,10,0,
PR0043322,WORTHINGTON MARATHON,WORTHINGTON,MANAS 99 LLC,911 HIGH ST,3,4,0,0,0,0,10,1,0,
PR0042668,HOUSE OF CIGAR,COLUMBUS,HOUSE OF CIGAR OF COLUMBUS INC,7099 HUNTLEY RD,3,0,0,0,0,0,0,20,1,
PR0042671,KROGER #273,WORTHINGTON,KROGER CO,60 WORTHINGTON SQ,3,2,0,0,0,0,27,5,1,
PR0042672,DUCHESS WORTHINGTON #1628,WORTHINGTON,ENGLEFIELD INC,7141 N HIGH ST,3,5,2,1,1,1,13,6,0,
PR0040779,NORTHWEST WINE & SPIRITS,COLUMBUS,MEERA 117 LTD,821 BETHEL RD,3,1,0,0,0,0,26,10,1,
PR0039614,UNITED DAIRY FARMERS #613,WORTHINGTON,UDF LIMITED PARTNERSHIP I,2204 W DUBLIN-GRANVILLE RD,3,3,0,0,0,0,21,1,1,
PR0039675,WALGREENS #09540,COLUMBUS,WALGREEN CO,4530 KENNY RD,3,5,1,0,0,0,20,1,1,
PR0039439,DUCHESS SHOPPE OLENTANGY & BETHEL #1267,COLUMBUS,ENGLEFIELD INC,5067 OLENTANGY RIVER RD,3,3,1,0,0,0,30,1,1,
PR0039278,DUCHESS SHOPPE LINWORTH #1271,WORTHINGTON,ENGLEFIELD INC,2230 W DUBLIN GRANVILLE RD,3,3,1,1,0,0,2,6,0,
PR0054161,SIRENS,COLUMBUS,CLEVELAND AVENUE CAFE INC,6190 CLEVELAND AVE,3,4,2,0,0,1,12,1,0,
PR0054038,HIGHLAND GROCERY MART,COLUMBUS,HIGHLAND GROCERY MART LLC,2538 MORSE RD,3,4,2,0,1,0,18,1,1,
PR0053870,THE EXHALE SHOP MARKET,COLUMBUS,THE EXHALE SHOP MARKET INC,1640 E DUBLIN GRANVILLE RD STE 7,3,5,1,0,0,1,5,1,0,
PR0053354,SMOKER SPIN 1,WESTERVILLE,SMOKER SPIN 1 LLC,5462 WESTERVILLE RD,3,2,0,0,0,0,25,5,1,
PR0052219,HUMBLE HEALTH,COLUMBUS,HUMBLE WELLNESS LLC,4430 WESTERVILLE RD,3,4,3,0,1,0,26,1,0,
PR0049687,AMBLE MART,COLUMBUS,M & T 6188 AMBLESIDE LLC,6188 AMBLESIDE DR,3,4,1,0,0,0,19,1,1,
PR0047067,JULIAN WIRELESS II,COLUMBUS,JUWAN WIRELESS LLC,2562 MORSE RD,3,3,0,0,0,0,17,1,1,
PR0045856,FIRST TOBACCO DISCOUNTERS,COLUMBUS,FIRST TOBACCO DISCOUNTERS LLC,5691 EMPORIUM SQ,3,4,1,0,0,0,23,1,1,
PR0043784,FAMILY DOLLAR STORES #32242,COLUMBUS,FAMILY DOLLAR STORES OF OHIO LLC,1541 SCHROCK RD,3,5,1,0,0,1,10,1,0,
PR0043077,TOBACCO OUTLET,COLUMBUS,KM BROTHERS CORP,5769 CLEVELAND AVE,3,2,1,1,0,0,21,10,1,
PR0041503,KARL BEVERAGE COMPANY,COLUMBUS,CHOHAN BROTHERS LLC,6733 KARL RD,3,5,2,1,0,0,11,6,0,
PR0040758,YATES BEVERAGE CENTER,COLUMBUS,TRINH PHAM TRAN,5773 CLEVELAND AVE,3,1,1,1,0,1,22,15,0,
PR0040615,BEDS 'N' STUFF,COLUMBUS,WATERBEDS 'N' STUFF INC,5846 COLUMBUS SQ,3,3,1,0,0,1,2,1,0,
PR0039624,TURKEY HILL MINIT MARKET STORE #701,COLUMBUS,TH MIDWEST INC,6195 CLEVELAND AVE,3,1,0,0,0,0,19,10,1,
PR0039655,WALGREENS #07525,COLUMBUS,WALGREEN CO,2150 E DUBLIN GRANVILLE RD,3,2,0,0,0,0,13,5,0,
PR0039656,SQUARE'S CARRY OUT,COLUMBUS,SHAYONA VIKUSH LLC,5870 COLUMBUS SQ,3,1,0,0,0,0,14,10,1,
PR0039434,DUCHESS #1634 EASTON,COLUMBUS,ENGLEFIELD INC,4024 MORSE RD,3,3,1,0,0,0,22,1,1,
PR0039460,FAMILY DOLLAR STORE #28375,COLUMBUS,FAMILY DOLLAR STORES OF OHIO LLC,1792 E DUBLIN GRANVILLE RD,3,2,0,0,0,0,18,5,1,
PR0039504,SPEEDWAY 5117,COLUMBUS,SPEEDWAY LLC,5657 CLEVELAND AVE,3,1,0,0,0,0,20,10,1,
PR0039539,TRUE NORTH STORE #602,COLUMBUS,TRUE NORTH ENERGY LLC,3970 MORSE RD,3,2,2,1,1,0,1,10,0,
PR0039229,DOLLAR GENERAL #8422,COLUMBUS,DOLGEN MIDWEST LLC/OB,5680 CLEVELAND AVE,3,4,0,0,0,0,29,1,1,
PR0039164,DOLLAR GENERAL #8351,COLUMBUS,DOLGEN MIDWEST LLC/OB,1660 E DUBLIN GRANVILLE RD,3,2,0,0,0,0,20,5,1,
PR0039079,3C FOOD MART,COLUMBUS,TAJS INC,4436 WESTERVILLE RD,3,2,0,0,0,0,7,5,0,
PR0055168,MIRACLE TRADING COMPANY,COLUMBUS,MIRACLE TRADING COMPANY,1915 TAMARACK CIR N,4,2,0,0,0,0,17,5,1,
PR0054734,PAK SMOKE,COLUMBUS,PAK SMOKE LLC,6116 BOARDWALK ST,4,1,0,0,0,0,12,10,0,
PR0053730,NEPALI BAZAAR,COLUMBUS,AYUSH GURUNG GROCERY LLC,1782 MORSE RD,4,5,1,1,0,0,24,6,1,
PR0053488,RP MART,COLUMBUS,D&K VENTURE INC,1263 E DUBLIN GRANVILLE RD,4,4,0,0,0,0,14,1,1,
PR0052645,MEADOWS CARRY OUT,COLUMBUS,MEADOWS CARRYOUT INC,5900 N MEADOWS BLVD,4,2,0,0,0,0,0,5,1,
PR0052318,HYDES MARKET,COLUMBUS,1414 MORSE RD INC,1414 MORSE RD,4,3,0,0,0,0,1,1,0,
PR0051949,MINERVA MARKET,COLUMBUS,MINERVA MART LLC,4951 CLEVELAND AVE,4,4,0,0,0,0,15,1,1,
PR0051885,CLOUD NINE,COLUMBUS,ON-TRACK OHIO LLC,2151 E DUBLIN GRANVILLE RD UNIT C,4,4,1,0,0,1,10,1,0,
PR0051486,LA MICHOACANA FRESH MARKET LLC,COLUMBUS,LA MICHOACANA FRESH MARKET LLC,939 E DUBLIN GRANVILLE RD,4,5,2,0,1,0,4,1,0,
PR0051088,BREW HOUSE EXPRESS DRIVE THRU,COLUMBUS,"THE BREW HOUSE EXPRESS DRIVE THRU, LLC",5311 SINCLAIR RD,4,5,2,1,0,0,1,6,0,
PR0050137,CIRCLE DRIVE THRU,COLUMBUS,SHRI HARIPRASADAM LLC,1848 TAMARACK CIR S,4,1,0,0,0,0,16,10,1,
PR0049932,MAPLE MARKET,COLUMBUS,BEER MART LLC,5709 MAPLE CANYON AVE,4,5,3,1,1,1,19,6,0,
PR0049886,SUNSHINE FOOD MARKET,COLUMBUS,MUBARAK TRADE LLC,5880 NORTHMEADOWS BLVD UNIT A,4,5,1,0,0,1,17,1,0,
PR0049883,CIRCLE SMOKE SHOP,COLUMBUS,HARI PRABODHAM LLC,1852 TAMARACK CIR S,4,1,1,0,0,0,1,10,0,
PR0049631,SUNSHINE GROCERY,COLUMBUS,SUNSHINE GROCCERY LLC,4583 MORSE CENTER RD,4,4,1,1,0,0,16,6,1,
PR0048983,SILVER SMILE,COLUMBUS,5346GS LLC,5346 SINCLAIR RD,4,2,0,0,0,0,10,5,0,
PR0048498,SHEETZ #724,COLUMBUS,OHIO SPRINGS INC,975 E DUBLIN GRANVILLE RD,4,2,0,0,0,0,13,5,0,
PR0047004,JEDDO HOOKAH,COLUMBUS,JEDDO HOOKAH LLC,5615 CLEVELAND AVE,4,1,0,0,0,0,9,10,0,
PR0045646,INDRENI MART GROCERY,COLUMBUS,INDRENI LLC,1565 E DUBLIN GRANVILLE RD,4,1,0,0,0,0,14,10,1,
PR0044833,SMOKE OUTLET,COLUMBUS,IHSAN 4 INC,2471 E DUBLIN GRANVILLE RD,4,3,0,0,0,0,4,1,0,
PR0044270,CIRCLE MART,COLUMBUS,JAY AMBE 221 LLC,1876 TAMARACK CIR S,4,3,0,0,0,0,14,1,1,
PR0044246,SUNOCO GAS,COLUMBUS,PREM FUEL LLC,4840 SINCLAIR RD,4,5,1,0,0,1,11,1,0,
PR0043134,ASWAQ BALADNA,COLUMBUS,5565 CLEVELAND AVE LLC,2487 E DUBLIN GRANVILLE RD,4,1,0,0,0,0,2,10,0,
PR0042897,TAMARACK SUNOCO,COLUMBUS,JKAR LLC,1886 TAMARACK CIR S,4,1,0,0,0,0,5,10,0,
PR0041293,PARKVILLE MARKET,COLUMBUS,OM SHIV SHANKAR LLC,5705 PARKVILLE ST,4,5,2,1,0,0,26,6,0,
PR0040768,ABC LIQUOR,COLUMBUS,ABC LIQUOR CORPORATION,1571 E DUBLIN GRANVILLE RD,4,4,0,0,0,0,2,1,0,
PR0040643,BEDS 'N' STUFF,COLUMBUS,WATERBEDS 'N' STUFF INC,2230 MORSE RD,4,2,1,0,0,0,10,5,0,
PR0040120,NEPALI MART,COLUMBUS,TARA INTERNATIONAL MART LLC,1480 MORSE RD,4,1,0,0,0,0,22,10,1,
PR0040080,IMAGE GROCERY,COLUMBUS,IMAGE GROCERY LLC,4669 MORSE CENTRE RD,4,2,0,0,0,0,17,5,1,
PR0040086,FAMILY DOLLAR STORE #24540,COLUMBUS,FAMILY DOLLAR STORES OF OHIO LLC,937 E DUBLIN GRANVILLE RD,4,3,0,0,0,0,23,1,1,
PR0040089,SANDALWOOD SUPERMARKET,COLUMBUS,5459 SANDALWOOD INC,5461 SANDALWOOD BLVD,4,4,1,0,0,1,3,1,0,
PR0039725,MORSE & CLEVELAND SHELL,COLUMBUS,MORSE & CLEVELAND ENTERPRISES LLC,4431 CLEVELAND AVE,4,4,2,0,0,0,23,1,0,
PR0039576,SUPER SPEEDY,COLUMBUS,1585 E DUBLIN GRANVILLE INC,1585 E DUBLIN GRANVILLE RD,4,4,2,1,1,1,1,6,0,
PR0039412,MORSE QUICK MART,COLUMBUS,THIND PETROLEUM INC,1570 MORSE RD,4,4,1,0,0,0,10,1,0,
PR0039477,FAMILY DOLLAR STORE #24764,COLUMBUS,FAMILY DOLLAR STORES OF OHIO LLC,2485 E DUBLIN GRANVILLE RD,4,3,0,0,0,0,6,1,0,
PR0039509,SPEEDWAY 9340,COLUMBUS,SPEEDWAY LLC,5735 MAPLE CANYON AVE,4,0,0,0,0,0,0,20,1,
PR0039531,SPEEDWAY 9775,COLUMBUS,SPEEDWAY LLC,821 E DUBLIN GRANVILLE RD,4,5,0,0,0,0,0,1,1,
PR0039082,3 C PLUS FOOD MART,COLUMBUS,1790 MORSE RD INC,1790 MORSE RD,4,1,1,1,0,0,17,15,1,
PR0055418,TOBACCO PLUS MINI MART,WESTERVILLE,786 HAMILTON LLC,6457 N HAMILTON RD,4,2,0,0,0,0,10,5,0,
PR0055367,COLLEGE CENTRAL PETROLEUM,WESTERVILLE,COLLEGE CENTRAL PETROLEUM LLC,6809 N HAMILTON RD,4,3,0,0,0,0,28,1,1,
PR0053977,GET GO #3528,COLUMBUS,GETGO OPERATING LLC,5465 NEW ALBANY RD W,4,5,1,0,0,1,24,1,0,
PR0052646,NA SMOKE SHOP,COLUMBUS,NA SMOKE SHOP LLC,5597 N HAMILTON RD,4,2,0,0,0,0,20,5,1,
PR0051832,KROGER #871 FUEL CENTER,COLUMBUS,KROGER CO,5420 N HAMILTON RD,4,3,0,0,0,0,4,1,0,
PR0051249,LATERALUS GLASS,WESTERVILLE,"LATERALUS, LTD",5132 WALHAM GREEN RD APT. 301,4,4,0,0,0,0,23,1,1,
PR0048045,SHEETZ #720,NEW ALBANY,OHIO SPRINGS INC,6229 E DUBLIN GRANVILLE RD,4,5,3,0,1,0,13,1,0,
PR0040436,KROGER FUEL CENTER #881,NEW ALBANY,KROGER CO,5161 HAMPSTED VILLAGE CENTER WY,4,5,1,1,0,1,28,6,0,
PR0040123,MEIJER GAS #114,COLUMBUS,MEIJER STORES LTD PARTNERSHIP,5030 N HAMILTON RD,4,5,1,0,0,1,16,1,0,
PR0040088,KROGER #881,NEW ALBANY,KROGER CO,5161 HAMPSTED VILLAGE CENTER WY,4,1,0,0,0,0,9,10,0,
PR0040104,WALGREENS #09541,NEW ALBANY,WALGREEN CO,5555 NEW ALBANY RD E,4,3,0,0,0,0,28,1,1,
PR0040067,WINE & BREW EMPORIUM,WESTERVILLE,BVM OHIO INC,6154 S SUNBURY RD UNIT B,4,1,0,0,0,0,2,10,0,
PR0039649,UNITED DAIRY FARMERS #677,WESTERVILLE,UDF LIMITED PARTNERSHIP II,5230 WARNER RD,4,2,0,0,0,0,30,5,1,
PR0039680,WALGREENS #09093,COLUMBUS,WALGREEN CO,5195 N HAMILTON RD,4,2,0,0,0,0,31,5,1,
PR0039438,DUCHESS COLUMBUS #1631,COLUMBUS,ENGLEFIELD INC,4835 N HAMILTON RD,4,3,2,1,1,0,30,6,1,
PR0039557,SPEEDWAY 1193,COLUMBUS,SPEEDWAY LLC,4240 MORSE RD,4,2,0,0,0,0,6,5,0,
PR0039559,SPEEDWAY 8345,COLUMBUS,SPEEDWAY LLC,4830 N HAMILTON RD,4,5,1,0,0,0,11,1,0,
PR0039311,GIANT EAGLE #6528,COLUMBUS,TAMARKIN CO,5461 NEW ALBANY RD W,4,5,3,0,1,0,16,1,0,
PR0039244,EASTON MART,COLUMBUS,MALIK INC,4242 MORSE RD,4,4,1,0,0,0,22,1,1,
PR0055370,DON'S DRIVE THRU,HILLIARD,SP RETAIL GROUP LLC,2618 HILLIARD ROME RD,5,2,0,0,0,0,24,5,1,
PR0052930,SHEETZ #849 - WALCUTT,COLUMBUS,OHIO SPRINGS INC,4881 ROBERTS RD,5,5,0,0,0,0,30,1,1,
PR0052040,PARADISE SMOKE N VAPE,HILLIARD,NAZAL LLC,2127 HILLIARD  ROME RD,5,4,1,0,0,1,35,1,0,
PR0051470,SHEETZ #757,COLUMBUS,OHIO SPRINGS INC,930 HILLIARD ROME RD,5,4,1,1,0,0,3,6,0,
PR0047183,SMOKE PALACE,GALLOWAY,SMOKE PALACE LLC,5678 W BROAD ST,5,1,0,0,0,0,12,10,0,
PR0046880,MK 57 VAPE,HILLIARD,RONE26 LLC,2602 HILLIARD ROME RD,5,3,1,0,0,1,15,1,0,
PR0045853,JERUSALEM HALAL MARKET,HILLIARD,JERUSALEM HALAL MARKET INC,5410 ROBERTS RD,5,1,1,1,0,0,11,15,0,
PR0043129,BUCKS SMOKE SHOP,HILLIARD,BUCKS CARRYOUT LLC,5051 ROBERTS RD,5,3,1,0,0,0,8,1,0,
PR0042073,ISLANDS DRIVE THRU,HILLIARD,JALARAM DHAM LLC,2157 HILLIARD ROME RD,5,2,0,0,0,0,30,5,1,
PR0041146,DUCHESS I-70 & ROME HILLIARD #1623,COLUMBUS,ENGLEFIELD INC,925 HILLIARD ROME RD,5,0,0,0,0,0,0,20,1,
PR0040740,DOLLAR GENERAL #06035,COLUMBUS,DOLGEN MIDWEST LLC/OB,3150 HILLIARD ROME RD,5,5,1,0,0,0,2,1,0,
PR0040612,KROGER FUEL CENTER #623,GALLOWAY,KROGER CO,5750 W BROAD ST,5,5,1,1,0,1,9,6,0,
PR0040437,KROGERS FUEL CENTER #867,HILLIARD,KROGER CO,2525 HILLIARD-ROME RD,5,1,0,0,0,0,25,10,1,
PR0040148,SANTIAGO SUPERMARKET,HILLIARD,SANTIAGO SUPERMARKET LLC,5431 ROBERTS RD,5,4,0,0,0,0,35,1,1,
PR0040139,KROGER #867,HILLIARD,KROGER CO,2525 HILLIARD ROME RD,5,1,0,0,0,0,19,10,1,
PR0040082,DARBY SUNOCO,HILLIARD,HATEM OIL LLC,4537 SCIOTO DARBY RD,5,4,0,0,0,0,13,1,0,
PR0040099,MEIJER GAS #104,COLUMBUS,MEIJER STORES LTD PARTNERSHIP,1675 HILLIARD ROME RD,5,5,0,0,0,0,11,1,0,
PR0039610,TRUE NORTH STORE #608,COLUMBUS,TRUE NORTH ENERGY LLC,1500 HILLIARD ROME RD,5,4,3,0,1,0,27,1,0,
PR0039613,KROGER #623,GALLOWAY,KROGER CO,5800 W BROAD ST,5,2,0,0,0,0,33,5,1,
PR0039638,SPEEDWAY 9298,COLUMBUS,SPEEDWAY LLC,1700 HILLIARD ROME RD,5,4,1,1,0,0,10,6,0,
PR0039646,SPEEDWAY 9265,HILLIARD,SPEEDWAY LLC,2567 WALCUTT RD,5,5,1,0,0,1,4,1,0,
PR0039681,WALGREENS #07523,GALLOWAY,WALGREEN CO,5690 W BROAD ST,5,2,0,0,0,0,1,5,0,
PR0039496,FAMILY DOLLAR STORE #26200,COLUMBUS,FAMILY DOLLAR STORES OF OHIO LLC,5061 ROBERTS RD,5,4,1,0,0,1,27,1,0,
PR0039107,FISHER ROAD BELL STORE #124,COLUMBUS,BELL STORES INC,5501 FISHER RD,5,4,1,0,0,0,35,1,1,
PR0054841,TOBACCO PLUS,COLUMBUS,TOBACCO PLUS HAYDEN CORP,2966 HAYDEN RD,5,5,3,0,0,0,11,1,0,
PR0054738,DAHAB RESTAURANT AND CAFE,HILLIARD,BEST FOOD OHIO LLC,3708 FISHINGER BLVD,5,1,0,0,0,0,20,10,1,
PR0052566,FRANTZ ROAD MARKET,DUBLIN,FRANTZ ROAD MARKET LLC,5744 FRANTZ RD,5,3,2,1,1,0,2,6,0,
PR0052213,WEST HENDERSON MARKET,COLUMBUS,WEST HENDERSON MARKET LLC,2264 W HENDERSON RD,5,2,1,1,0,1,27,10,0,
PR0051864,BUCKEYE WINE & SPIRITS,COLUMBUS,CITY LIQUOR LLC,506-510 ACKERMAN RD,5,2,0,0,0,0,13,5,0,
PR0051797,MAZAJ HOOKAH LOUNGE,COLUMBUS,MAZAJ HOOKAH LOUNGE INC,4223 ROBERTS RD,5,4,0,0,0,0,4,1,0,
PR0049925,ROBERTS ROAD MARATHON,COLUMBUS,ROBERTS PETROLEUM LLC,4400 ROBERTS RD,5,2,0,0,0,0,16,5,1,
PR0045577,THORNTON #501,COLUMBUS,THORNTONS LLC,2333 N WILSON RD,5,1,0,0,0,0,3,10,0,
PR0043118,LION'S DEN,COLUMBUS,AMERICAN PRIDE VII INC,4375 ROBERTS RD,5,3,0,0,0,0,2,1,0,
PR0042002,TINDER BOX #378,DUBLIN,DIBIASE CIGARS INC,5881-87 KARRIC SQUARE DR,5,1,0,0,0,0,35,10,1,
PR0041046,BARLEY BIN OF DUBLIN,DUBLIN,ELZIE OREE VENTURES LLC,5931 KARRIC SQUARE DR,5,3,2,0,0,0,26,1,0,
PR0040097,TRUE NORTH STORE #676,HILLIARD,TRUE NORTH ENERGY LLC,3975 RIDGE MILL DR,5,4,0,0,0,0,3,1,0,
PR0039552,SPEEDWAY 9356,COLUMBUS,SPEEDWAY LLC,3611 FISHINGER BLVD,5,1,0,0,0,0,25,10,1,
PR0039558,SPEEDWAY 1180,COLUMBUS,SPEEDWAY LLC,4494 KENNY RD,5,1,0,0,0,0,13,10,0,
PR0039310,GIANT EAGLE #6504,COLUMBUS,TAMARKIN CO,4747 SAWMILL RD,5,2,0,0,0,0,32,5,1,
PR0039172,HENDERSON RD SUNOCO 12,COLUMBUS,GMB CONVENIENCE INC,2122 W HENDERSON RD,5,5,0,0,0,0,23,1,1,
PR0055434,PUFF AVE,COLUMBUS,RISEN GROUP LLC,4382 INDIANOLA AVE,6,4,1,0,0,1,5,1,0,
PR0055369,FYRE FLAME SMOKE SHOP,COLUMBUS,KESHAV PRAPTILLC,3192 N HIGH ST,6,4,1,0,0,0,22,1,1,
PR0055175,SMOKE HOUSE PLUS,COLUMBUS,DANK ROW LLC,4950 N HIGH ST,6,2,0,0,0,0,28,5,1,
PR0054102,PUFF PALACE,COLUMBUS,PUFF PALACE 2 LLC,5562 N HIGH ST,6,4,0,0,0,0,31,1,1,
PR0054039,GET GO #3512,COLUMBUS,GETGO OPERATING LLC,2845 N HIGH ST,6,4,1,0,0,0,18,1,1,
PR0053911,TOBACCO DISCOUNTERS,COLUMBUS,GRACELAND TOBACCO SHOP INC,208 GRACELAND BLVD,6,1,0,0,0,0,27,10,1,
PR0053863,COME AND GO CENTER,COLUMBUS,BORO GROUP CORP,884 OAKLAND PARK AVE,6,3,0,0,0,0,13,1,0,
PR0053686,TOBACCO PLUS CLINTONVILLE,COLUMBUS,4672 INDIANOLA INC,4672 INDIANOLA AVE,6,3,0,0,0,0,30,1,1,
PR0052604,SHARON SQUARE WINE SHOP,COLUMBUS,JAI OM SAI LLC,5590 N HIGH ST,6,1,0,0,0,0,31,10,1,
PR0052239,KINGS LOUNGE,COLUMBUS,KINGS LOUNGE LLC,3070 N HIGH ST,6,5,2,0,1,0,3,1,0,
PR0051530,MIKE'S MARKET,COLUMBUS,3327 MAIZE ROAD LLC,3327-29 MAIZE RD,6,4,3,0,1,0,7,1,0,
PR0047922,SUPER FOOD MART,COLUMBUS,CHITRAKUT LLC,3166 N HIGH ST,6,4,1,1,0,1,13,6,0,
PR0047400,MOZ MOZ,COLUMBUS,FAYIZ LLC,2700 N HIGH ST,6,1,0,0,0,0,25,10,1,
PR0046747,GOPUFF,COLUMBUS,GB LICENSE LLC,5235 N HIGH ST,6,1,1,1,0,0,19,15,1,
PR0046472,NORTH BROADWAY SUNOCO,COLUMBUS,LAXMI VENTURES LLC,700 E NORTH BROADWAY ST,6,3,1,0,0,0,20,1,1,
PR0042320,LA CHAVETA CIGAR LOUNGE,COLUMBUS,LA CHAVETA LLC,3293 N HIGH ST,6,3,1,0,0,0,28,1,1,
PR0041546,PACE HIGH CARRYOUT,COLUMBUS,SHIVAI ENTERPRISES LLC,3179 N HIGH ST,6,5,1,0,0,1,25,1,0,
PR0040953,SAVOR PINT,COLUMBUS,IHS GROUP LLC,4440 INDIANOLA AVE,6,1,0,0,0,0,13,10,0,
PR0040780,PALMER'S BEVERAGE CENTER,COLUMBUS,PALMER CARRY-OUT LLC,3375 INDIANOLA AVE,6,3,2,0,1,0,4,1,0,
PR0040802,SAVOR GROWL,COLUMBUS,YFH LLC,2991 INDIANOLA AVE,6,1,0,0,0,0,7,10,0,
PR0040675,USA TOBACCO,COLUMBUS,WORLD TRADE PLUS LLC,4967 N HIGH ST,6,1,0,0,0,0,28,10,1,
PR0040111,DUCHESS MORSE RD #1618,COLUMBUS,ENGLEFIELD INC,935 MORSE RD,6,5,2,1,0,0,25,6,0,
PR0039592,KROGER #N-819,COLUMBUS,KROGER CO,199 GRACELAND BLVD,6,5,0,0,0,0,14,1,1,
PR0039603,KROGER #971,COLUMBUS,KROGER CO,3417 N HIGH ST,6,3,0,0,0,0,19,1,1,
PR0039607,TRUE NORTH STORE #606,COLUMBUS,TRUE NORTH ENERGY LLC,1195 MORSE RD,6,1,1,1,0,1,15,15,0,
PR0039617,TURKEY HILL #704,COLUMBUS,TH MIDWEST INC,2685 N HIGH ST,6,2,0,0,0,0,31,5,1,
PR0039628,UNITED DAIRY FARMERS #635,COLUMBUS,UDF LIMITED PARTNERSHIP II,3388 INDIANOLA AVE,6,1,1,1,0,0,22,15,1,
PR0039657,UNITED DAIRY FARMERS #615,COLUMBUS,UDF LIMITED PARTNERSHIP I,5370 N HIGH ST,6,3,1,0,0,0,11,1,0,
PR0039678,WALGREENS #07368,COLUMBUS,WALGREEN CO,4890 N HIGH ST,6,4,1,0,0,0,9,1,0,
PR0039435,DUCHESS SHOPPE HIGH & HENDERSON #1264,COLUMBUS,ENGLEFIELD INC,4387 N HIGH ST,6,0,0,0,0,0,12,20,0,
PR0039488,SAHARA SHI-SHA CAFE,COLUMBUS,SAHARA SHI-SHA LLC,20 E ARCADIA AVE,6,5,1,0,0,0,30,1,1,
PR0039521,GIANT EAGLE #6512,COLUMBUS,TAMARKIN CO,2801 N HIGH ST,6,1,0,0,0,0,23,10,1,
PR0039562,SPEEDWAY 9770,COLUMBUS,SPEEDWAY LLC,1103 MORSE RD,6,1,0,0,0,0,2,10,0,
PR0039357,N HIGH BP,COLUMBUS,JAY GURUDEV INC,5385 N HIGH ST,6,2,0,0,0,0,17,5,1,
PR0039228,DOLLAR GENERAL #12721,COLUMBUS,DOLGEN MIDWEST LLC/OB,4932 N HIGH ST,6,2,0,0,0,0,5,5,0,
PR0039174,BISTA BROTHERS ASIAN GROCERY,COLUMBUS,BISTA BROTHERS ASIAN GROCERY LLC,4625 MAIZE RD,6,5,2,0,0,0,20,1,0,
PR0049780,MAIZE MARKET,COLUMBUS,MAIZE MARKET EXPRESS INC,3310 MAIZE RD,6,3,1,1,0,1,2,6,0,
PR0049512,MOBILE MART,COLUMBUS,AAHIL ALI 786 INC,2835 WESTERVILLE RD,6,5,1,0,0,0,23,1,1,
PR0047578,SOUTH ASIAN BAZAAR,COLUMBUS,SAFAL RETAIL LLC,1995 MORSE RD,6,4,0,0,0,0,31,1,1,
PR0046053,SHELL HUDSON AND I-71,COLUMBUS,ABBAS AZIZI LLC,666 E HUDSON ST,6,5,1,0,0,0,11,1,0,
PR0043264,YBB MARKET,COLUMBUS,UMAR INC,2900 WESTERVILLE RD,6,2,0,0,0,0,1,5,0,
PR0042870,ZACK'S CORNER STOP,COLUMBUS,THREE BROTHERS LLC,1055 E WEBER RD,6,3,1,0,0,0,3,1,0,
PR0041218,KARL ROAD MARKET,COLUMBUS,KMH OH LLC,3663 KARL RD,6,2,1,0,0,0,28,5,1,
PR0041185,HUDSON MARKET,COLUMBUS,ABU-TAHA LLC,1080 E HUDSON ST,6,4,0,0,0,0,24,1,1,
PR0040950,F O E 2252,COLUMBUS,F.O.E. AERIE #2252 LINDEN,3800 WESTERVILLE RD,6,5,3,0,1,0,35,1,0,
PR0040167,DOLLAR GENERAL #3235,COLUMBUS,DOLGEN MIDWEST LLC/OB,1959 MORSE RD,6,2,0,0,0,0,8,5,0,
PR0040138,KROGER N593,COLUMBUS,KROGER CO,1745 MORSE RD,6,1,0,0,0,0,35,10,1,
PR0040096,DOLLAR GENERAL #10722,COLUMBUS,DOLGEN MIDWEST LLC/OB,3350 CLEVELAND AVE STE 1970,6,3,0,0,0,0,10,1,0,
PR0040030,QUICK & EASY MART,COLUMBUS,QUICK & EASY MART INC,4197 CLEVELAND AVE,6,1,0,0,0,0,8,10,0,
PR0040009,SPEEDWAY 5235,COLUMBUS,SPEEDWAY LLC,635 WEBER RD,6,3,0,0,0,0,1,1,0,
PR0039833,SMOKE & CELLULAR EXPRESS,COLUMBUS,KHURAM INC,910 E HUDSON ST,6,3,0,0,0,0,21,1,1,
PR0039769,MCGUFFEY MARKET,COLUMBUS,JUMANAH LLC,1066 E HUDSON ST,6,0,0,0,0,0,0,20,1,
PR0039720,LA MICHOACANA MEXICAN MARKET #1,COLUMBUS,LA MICHOACANA MEXICAN MARKET  LLC,3881 CLEVELAND AVE,6,1,0,0,0,0,4,10,0,
PR0039764,NORTHLAND MARKET,COLUMBUS,REHMAT INC,4312 KARL RD,6,3,0,0,0,0,9,1,0,
PR0039616,TURKEY HILL #705,COLUMBUS,TH MIDWEST INC,1953 MORSE RD,6,3,2,0,1,0,14,1,1,
PR0039643,UNITED DAIRY FARMERS #644,COLUMBUS,UDF LIMITED PARTNERSHIP II,3728 KARL RD,6,5,0,0,0,0,32,1,1,
PR0039695,WEBER MARKET,COLUMBUS,MOODYS INC,727 E WEBER RD,6,0,0,0,0,0,26,20,1,
PR0039707,EASY MART,COLUMBUS,4366 QUICK MART LLC,4366 KARL RD,6,1,0,0,0,0,6,10,0,
PR0039413,M & M MARKET & CARRYOUT,COLUMBUS,M & M MARKET & CARRYOUT LLC,1596 OAKLAND PARK AVE,6,1,0,0,0,0,3,10,0,
PR0039468,E & E MARKET,COLUMBUS,HUDSON FOOD LLC,778 E HUDSON ST,6,3,0,0,0,0,21,1,1,
PR0039555,SPEEDWAY 9249,COLUMBUS,SPEEDWAY LLC,3974 CLEVELAND AVE,6,0,0,0,0,0,5,20,0,
PR0039399,FAMILY DOLLAR STORES #30703,COLUMBUS,FAMILY DOLLAR STORES OF OHIO LLC,1449 OAKLAND PARK AVE,6,2,0,0,0,0,16,5,1,
PR0039235,E & S MARKET,COLUMBUS,SHAFI LUDEN,1800 E HUDSON ST,6,1,1,1,0,0,31,15,1,
PR0039139,DOLLAR GENERAL #8357,COLUMBUS,DOLGEN MIDWEST LLC/OB,1237 MORSE RD,6,1,0,0,0,0,22,10,1,
PR0039102,GULF MART,COLUMBUS,AMAR MART LLC,2676 CLEVELAND AVE,6,2,0,0,0,0,5,5,0,
PR0054808,EXPRESS DRIVE THRU,COLUMBUS,1320 E HUDSON STREET LLC,1320 E HUDSON ST,6,3,0,0,0,0,2,1,0,
PR0053032,JAYA & JASMINE LLC,COLUMBUS,JAYA & JASMINE LLC,1326 OAKLAND PARK AVE,6,5,2,0,1,1,23,1,0,
PR0052688,MOBIL MART,COLUMBUS,SIMAR OHIO LLC,2727 CLEVELAND AVE,6,2,0,0,0,0,20,5,1,
PR0051967,AGLER FOOD MART,COLUMBUS,MIKES SUNOCO INC,2043 AGLER RD,6,1,0,0,0,0,29,10,1,
PR0051953,DARSHAN MART,COLUMBUS,JRI INTERNATIONAL LLC,1283 MORSE RD,6,1,1,1,0,0,14,15,1,
PR0051932,HUDSON EXPRESS CARRYOUT,COLUMBUS,EAGLE GROCERY INC,1818 E HUDSON ST,6,3,0,0,0,0,5,1,0,
PR0051847,THREE STAR FOOD MART,COLUMBUS,1107 FOOD MART LLC,1107 E WEBER RD,6,3,0,0,0,0,16,1,1,
PR0051641,3 C FOOD MART,COLUMBUS,3725 KARL ROAD FOOD MART CORPORATION,3725 KARL RD,6,4,0,0,0,0,3,1,0,
PR0051548,BEER 4 LESS,COLUMBUS,ARHON LLC,1255 MORSE RD,6,3,1,0,0,0,1,1,0,
PR0051537,SAMO MARKET,COLUMBUS,SAMO MARKET LLC,4420 WALFORD ST,6,4,2,1,1,1,2,6,0,
PR0051538,BG'S  CARRYOUT,COLUMBUS,CLINTONVILLE CARRY OUT INC,920 E WEBER RD,6,5,0,0,0,0,12,1,0,
PR0051077,WEBER ROAD MARKET,COLUMBUS,FIZ PARTNERS LLC,900 E WEBER RD,6,3,0,0,0,0,7,1,0,
PR0050307,CIRCLE A,COLUMBUS,NORTHSIDE FOOD MART INC,4432 WALFORD ST,6,2,0,0,0,0,12,5,0,
PR0049853,A AND N MARKET,COLUMBUS,FAZLEY TRADING LLC,744 E HUDSON ST,6,1,1,1,0,0,7,15,0,
PR0053981,GET GO #3517,COLUMBUS,GETGO OPERATING LLC,2920 STELZER RD,7,2,2,1,0,1,14,10,0,
PR0053894,PUFF CRAZE,COLUMBUS,ABC RETAILERS LLC,2792 STELZER RD,7,4,1,0,0,1,1,1,0,
PR0049941,CASSADY MARKET,COLUMBUS,ZOYA AND AHAD INC,2466 N CASSADY AVE,7,3,2,0,1,0,12,1,0,
PR0048500,SHEETZ #738,COLUMBUS,OHIO SPRINGS INC,1485 N CASSADY AVE,7,3,1,0,0,0,14,1,1,
PR0040763,TINDER BOX #408,COLUMBUS,S B JOYCE INC,4028 TOWNSFAIR WY,7,4,3,0,1,0,33,1,0,
PR0040168,SPEEDWAY 3323,COLUMBUS,SPEEDWAY LLC,1442 N CASSADY AVE,7,4,1,0,0,0,12,1,0,
PR0039645,UNITED DAIRY FARMERS #667,COLUMBUS,UDF LIMITED PARTNERSHIP II,4775 SUNBURY RD,7,4,0,0,0,0,4,1,0,
PR0039651,SPEEDWAY 2034,COLUMBUS,SPEEDWAY LLC,2875 STELZER RD,7,2,0,0,0,0,9,5,0,
PR0039527,GIANT EAGLE #6517,COLUMBUS,TAMARKIN CO,2900 STELZER RD,7,3,1,0,0,0,17,1,1,
PR0055433,KOSHELI MART,BLACKLICK,KOSHELI ENTERPRISE LLC,59 N WAGGONER RD,7,2,0,0,0,0,34,5,1,
PR0053980,GET GO #3513,COLUMBUS,GETGO OPERATING LLC,6825 E BROAD ST,7,5,2,0,0,0,6,1,0,
PR0052056,SHANGRILA MART,BLACKLICK,BROTHERS FOOD MART INC,7199 E BROAD ST,7,4,1,0,0,1,3,1,0,
PR0051235,KHAN SMOKE AND BEER SHOP,COLUMBUS,KHAN BROTHERS WHOLESALE AND RETAIL LLC,6044 CHANNINGWAY BLVD,7,4,1,0,0,0,34,1,1,
PR0050336,THE SPOT BAR,COLUMBUS,NJEH HOT SPOT LLC,5999 E LIVINGSTON AVE,7,3,0,0,0,0,35,1,1,
PR0048483,MYRA DISCOUNT TOBACCO,COLUMBUS,MYRA DISCOUNT TOBACCO LLC,7095 E BROAD ST STE B,7,4,1,0,0,0,7,1,0,
PR0048249,TURKEY HILL MINIT MARKETS- TURKEY HILL #600,BLACKLICK,TH MIDWEST INC,930 N WAGGONER RD,7,4,2,0,1,0,22,1,1,
PR0048131,FINNIGANS DRIVE THRU,REYNOLDSBURG,S & R ENTERPRISE INC,2679 INDEPENDENCE VILLAGE CTR,7,3,1,0,0,1,21,1,0,
PR0048063,SHEETZ #714,REYNOLDSBURG,OHIO SPRINGS INC,2700 BRICE RD,7,2,0,0,0,0,6,5,0,
PR0046032,WAGGONER FOOD MART,BLACKLICK,POUDEL BROTHERS PETROLEUM LLC,7700 KENNEDY RD,7,2,0,0,0,0,26,5,1,
PR0043983,OUTLET SMOKE SHOP,COLUMBUS,SUZAN09 INC,6091 MCNAUGHTEN CTR,7,3,0,0,0,0,18,1,1,
PR0043948,LK GROCERY LLC / LK NEPALI BAZAAR,BLACKLICK,LK GROCERY  LLC,988-992 N WAGGONER RD,7,2,0,0,0,0,13,5,0,
PR0042879,BRICE PARK SMOKE SHOP AND CARRYOUT,COLUMBUS,BP CARRYOUT LLC,6351 TUSSING RD,7,5,0,0,0,0,11,1,0,
PR0041148,KROGER FUEL CENTER #853,COLUMBUS,KROGER CO,77 N REYNOLDSBURG NEW ALBANY RD,7,1,1,1,0,0,31,15,1,
PR0040110,DUCHESS #1610/E  BROAD & NEW ALBANY RD,COLUMBUS,ENGLEFIELD INC,7040 E BROAD ST,7,1,1,1,0,0,32,15,1,
PR0040087,DOLLAR GENERAL STORE #17278,COLUMBUS,DOLGEN MIDWEST LLC/OB,5950 E LIVINGSTON AVE,7,3,1,0,0,0,16,1,1,
PR0039615,KROGER #853,COLUMBUS,KROGER CO,7000 E BROAD ST,7,4,1,0,0,0,8,1,0,
PR0039648,SPEEDWAY 9270,REYNOLDSBURG,SPEEDWAY LLC,2775 BRICE RD,7,5,0,0,0,0,10,1,0,
PR0039660,UNITED DAIRY FARMERS #654,REYNOLDSBURG,UDF LIMITED PARTNERSHIP II,6525 TUSSING RD,7,1,1,1,0,0,32,15,1,
PR0039682,WALGREENS #10050,COLUMBUS,WALGREEN CO,6201 E BROAD ST,7,3,3,1,1,0,16,6,0,
PR0039683,WALGREENS  #06119,BLACKLICK,WALGREEN CO,7900 E BROAD ST,7,1,0,0,0,0,35,10,1,
PR0039402,MEIJER GAS #212,REYNOLDSBURG,MEIJER STORES LTD PARTNERSHIP,7930 E BROAD ST,7,4,2,0,1,0,5,1,0,
PR0039440,DUCHESS TUSSING & BRICE #1617,REYNOLDSBURG,ENGLEFIELD INC,6310 TUSSING RD,7,4,1,1,0,0,28,6,1,
PR0039479,FAMILY DOLLAR #28449,REYNOLDSBURG,FAMILY DOLLAR STORES OF OHIO LLC,2746 BRICE RD,7,4,0,0,0,0,13,1,0,
PR0039515,SPEEDWAY 1216,COLUMBUS,SPEEDWAY LLC,6175 E LIVINGSTON AVE,7,2,0,0,0,0,28,5,1,
PR0039520,SPEEDWAY 9263,COLUMBUS,SPEEDWAY LLC,6425 E BROAD ST,7,4,1,0,0,0,34,1,1,
PR0039525,SPEEDWAY 4275,BLACKLICK,SPEEDWAY LLC,7860 E BROAD ST,7,2,0,0,0,0,9,5,0,
PR0039541,TRUE NORTH STORE #605,COLUMBUS,TRUE NORTH ENERGY LLC,5989 E MAIN ST,7,3,1,1,0,0,15,6,1,
PR0039319,GIANT EAGLE #6513,COLUMBUS,TAMARKIN CO,6867 E BROAD ST,7,4,0,0,0,0,30,1,1,
PR0055262,CULEBRA CIGARS COMPANY,COLUMBUS,ERZEN LLC,1786 W 5TH AVE,8,4,1,0,0,0,35,1,1,
PR0054961,GRAB N GO MARKET,COLUMBUS,GRAB N GO MARKET LLC,955 W 5TH AVE STE F,8,4,0,0,0,0,28,1,1,
PR0054782,DASHMART,COLUMBUS,DOORDASH ESSENTIALS LLC,1530 GERRARD AVE,8,4,2,0,1,0,10,1,0,
PR0053978,GET GO #3539,COLUMBUS,GETGO OPERATING LLC,820 W 3RD AVE,8,1,0,0,0,0,5,10,0,
PR0052055,GRANDVIEW BOTTLE SHOP,COLUMBUS,GRANDVIEW BOTTLE SHOP LLC,1761 W 5TH AVE,8,1,0,0,0,0,10,10,0,
PR0050699,SMOKE SHOP 1,COLUMBUS,GRANDVIEW STOP LLC,1597 W 5TH AVE,8,5,0,0,0,0,19,1,1,
PR0047395,SUNOCO,COLUMBUS,KING FUEL MANAGEMENT LLC,993 KING AVE,8,5,1,0,0,1,12,1,0,
PR0045469,UNITED DAIRY FARMERS #670,COLUMBUS,UDF LIMITED PARTNERSHIP I,1188 N WILSON RD,8,3,1,0,0,0,27,1,1,
PR0041318,DRIVE THRU 1,COLUMBUS,DRIVE THRU 1 LLC,1201 N WILSON RD,8,5,0,0,0,0,16,1,1,
PR0041317,LION'S DEN - GRANDVIEW RETAIL 58 LLC,COLUMBUS,GRANDVIEW RETAIL 58 LLC,1055 W FIFTH AVE,8,4,1,0,0,0,3,1,0,
PR0041031,BOULEVARD CARRY OUT,COLUMBUS,1290 WEST THIRD AVE INC,1288-90 W 3RD AVE,8,0,0,0,0,0,0,20,1,
PR0040673,GRANDVIEW CARRYOUT,COLUMBUS,14-0 GRANVIEW LLC,1355 GRANDVIEW AVE,8,1,0,0,0,0,18,10,1,
PR0040438,KROGER FUEL CENTER #942,COLUMBUS,KROGER CO,1765 NORTHWEST BLVD,8,2,0,0,0,0,16,5,1,
PR0039852,GRANDVIEW SUNOCO,COLUMBUS,SK GRANDVIEW LLC,648 GRANDVIEW AVE,8,4,1,0,0,1,27,1,0,
PR0039799,QUARRY MARKET,COLUMBUS,QUARRY FOOD LLC,2954 MCKINLEY AVE,8,5,3,0,1,0,11,1,0,
PR0039579,KROGER #942,COLUMBUS,KROGER CO,1375 CHAMBERS RD,8,3,0,0,0,0,3,1,0,
PR0039600,TRABUE FOOD MART,COLUMBUS,KADOLI LLC,4111 TRABUE RD,8,1,0,0,0,0,19,10,1,
PR0039636,SPEEDWAY 9371,COLUMBUS,SPEEDWAY LLC,1626 W 5TH AVE,8,0,0,0,0,0,2,20,0,
PR0039652,WALGREENS #12083,COLUMBUS,WALGREEN CO,1444 W 5TH AVE,8,1,0,0,0,0,17,10,1,
PR0039404,MEISTER'S BAR,COLUMBUS,PLATA O PLOMO LLC,1168 CHAMBERS RD,8,3,1,0,0,1,25,1,0,
PR0039419,NORTHWEST CARRYOUT,COLUMBUS,VIRAJ INC,1281 W 5TH AVE,8,1,0,0,0,0,15,10,1,
PR0039522,SPEEDWAY 6202,COLUMBUS,SPEEDWAY LLC,744 W 5TH AVE,8,2,0,0,0,0,10,5,0,
PR0039327,GIANT EAGLE #6539,COLUMBUS,TAMARKIN CO,840 W 3RD AVE,8,2,1,0,0,0,33,5,1,
PR0039266,DUCHESS DUBLIN & GRANDVIEW #1616,COLUMBUS,ENGLEFIELD INC,1090 DUBLIN RD,8,3,1,0,0,0,5,1,0,
PR0039272,DUCHESS OLENTANGY & 5TH #1612,COLUMBUS,ENGLEFIELD INC,1347 OLENTANGY RIVER RD,8,3,1,0,0,0,26,1,1,
PR0039119,CIRCLE K #4705269,COLUMBUS,MAC'S CONVENIENCE STORES LLC,3749 TWIN CREEKS DR,8,3,0,0,0,0,8,1,0,
PR0039074,CIRCLE K #4705698,COLUMBUS,MAC'S CONVENIENCE STORES LLC,1574 KENNY RD,8,2,1,0,0,0,35,5,1,
PR0054935,SNAG DELIVERY RETAIL STORE (OSU),COLUMBUS,SNAGIT LLC,1882 N HIGH ST,8,4,0,0,0,0,15,1,1,
PR0053871,BUCKEYE ONE STOP SHOP,COLUMBUS,2222 SUMMIT GROCERY LLC,2222 SUMMIT ST,8,4,0,0,0,0,29,1,1,
PR0053600,TOBACCO FOR LESS,COLUMBUS,ZEENA INC,2410 N HIGH ST,8,1,0,0,0,0,24,10,1,
PR0053498,LAYLA'S SMOKE SHOP,COLUMBUS,2498 SUMMIT INC,2498 SUMMIT ST,8,2,2,1,1,0,2,10,0,
PR0053320,HOOKAH RUSH,COLUMBUS,HIGH STANDARD SHISHA LLC,2394 N HIGH ST,8,5,0,0,0,0,8,1,0,
PR0052625,MAYA CAFE & HOOKAH,COLUMBUS,MG HOSPITALITY GROUP LLC,2367-69 N HIGH ST,8,1,0,0,0,0,12,10,0,
PR0052355,SMOKE 614,COLUMBUS,614 SMOKE LLC,2465 N HIGH ST,8,2,1,0,0,1,5,5,0,
PR0052172,A & A MINI MART,COLUMBUS,A & A MINI MART LLC,445 E 17TH AVE,8,5,1,0,0,0,21,1,1,
PR0051492,SUNOCO GAS,COLUMBUS,M&T 2570 N HIGH LLC,2570 N HIGH ST,8,5,3,0,1,1,19,1,0,
PR0051487,HEDZ UP ON HUDSON,COLUMBUS,4608 NORTH 4TH PROPERTIES LLC,459 E HUDSON ST,8,3,0,0,0,0,35,1,1,
PR0049740,WALGREENS #21398,COLUMBUS,WALGREEN CO,1782 N HIGH ST,8,2,1,0,0,0,31,5,1,
PR0047396,NORTH CAMPUS FOOD MART,COLUMBUS,VICTOR & ADAM INC,2424 N HIGH ST,8,1,1,1,0,0,30,15,1,
PR0042985,SOUSSY MARKET,COLUMBUS,SOUSSY CARRYOUT INC,1950 N 4TH ST UNIT M,8,1,0,0,0,0,1,10,0,
PR0041208,STAR CARRY OUT,COLUMBUS,SAVITA INC,1565 N 4TH ST,8,1,0,0,0,0,2,10,0,
PR0040683,SMOKE ZONE SMOKE SHOP,COLUMBUS,CARPENTER NOVELTIES - OHIO INC,4 E 13TH AVE,8,5,1,0,0,0,5,1,0,
PR0040613,BEDS 'N' STUFF,COLUMBUS,WATERBEDS 'N' STUFF INC,2194 N HIGH ST,8,4,0,0,0,0,2,1,0,
PR0040061,TOBACCO INTERNATIONAL,COLUMBUS,AFI TOBACCO LLC,18 E 13TH AVE,8,1,0,0,0,0,9,10,0,
PR0039601,UNITED DAIRY FARMERS #634,COLUMBUS,UDF LIMITED PARTNERSHIP II,1680 N HIGH ST,8,2,1,0,0,1,20,5,0,
PR0039609,UNITED DAIRY FARMERS #628,COLUMBUS,UDF LIMITED PARTNERSHIP II,2094 N HIGH ST,8,4,1,1,0,0,10,6,0,
PR0039622,UNITED DAIRY FARMERS #656,COLUMBUS,UDF LIMITED PARTNERSHIP II,327 E HUDSON ST,8,1,0,0,0,0,35,10,1,
PR0039637,UNIVERSITY MARATHON,COLUMBUS,EGY AMERICA CORP,1584 SUMMIT ST,8,1,0,0,0,0,4,10,0,
PR0039639,GATEWAY MART,COLUMBUS,EGY AMERICA CORP,207 E 11TH AVE,8,1,0,0,0,0,10,10,0,
PR0039642,SPEEDWAY 9281,COLUMBUS,SPEEDWAY LLC,2510 N HIGH ST,8,4,1,0,0,0,20,1,1,
PR0039469,PJ'S GRILL,COLUMBUS,FAKRA INC,15 E FRAMBES AVE,8,5,3,0,1,1,7,1,0,
PR0039328,GILLIGAN EXXON/SUBWAY #1003,COLUMBUS,GILLIGAN COMPANY LLC,1866 SUMMIT ST,8,4,0,0,0,0,28,1,1,
PR0039332,GILLIGAN SUBWAY/EXXON #1002,COLUMBUS,GILLIGAN COMPANY LLC,2187 NEIL AVE,8,3,1,1,0,0,7,6,0,
PR0039231,CASABLANCA CAFE AND HOOKAH BAR,COLUMBUS,CASABLANCA CAFE & HOOKAH BAR INC,19-21 E DUNCAN ST,8,4,0,0,0,0,21,1,1,
PR0039076,14-0 EXPRESS,COLUMBUS,14-0 HUDSON INC,355 E HUDSON ST,8,3,1,0,0,0,23,1,1,
PR0055353,CARTEL PALACE,COLUMBUS,CARTEL - CORPORATION,1127 N HIGH ST,9,4,1,0,0,0,14,1,1,
PR0053949,THURBER VILLAGE MARKET,COLUMBUS,D & T TVM LLC,660 NEIL AVE,9,5,0,0,0,0,28,1,1,
PR0053206,HIGH LIFE VAPOR SMOKING,COLUMBUS,HIGH LIFE VAPOR SMOKING LLC,1178 N HIGH ST,9,1,0,0,0,0,10,10,0,
PR0051869,ZIGGY'S DRIVE THRU,COLUMBUS,ZIGGY'S DRIVE THRU LLC,350 W 3RD AVE,9,0,0,0,0,0,0,20,1,
PR0048097,HIPPIE HUT SMOKE SHOP,COLUMBUS,HIPPIE HUT SMOKE SHOP ON CAMPUS INC,1551 N HIGH ST,9,5,0,0,0,0,15,1,1,
PR0047352,MANGOS,COLUMBUS,STARBURST ESSENCE INC,21 SMITH PL,9,3,1,0,0,0,6,1,0,
PR0046939,HOUSE OF MONTECRISTO,COLUMBUS,HOUSE OF MONTECRISTO INC,1209 N HIGH ST,9,1,0,0,0,0,28,10,1,
PR0045894,KROGER #587 LIQUOR STORE,COLUMBUS,THE KROGER COMPANY,1300 N HIGH ST,9,3,0,0,0,0,5,1,0,
PR0044738,THE JOINT,COLUMBUS,KZCB LLC,1186 N HIGH ST,9,1,0,0,0,0,11,10,0,
PR0043555,UNITED DAIRY FARMERS #632,COLUMBUS,UDF LIMITED PARTNERSHIP II,880 N HIGH ST,9,5,0,0,0,0,16,1,1,
PR0043295,CHAMPS MARKET,COLUMBUS,K BROTHERS INVESTMENTS LLC,219 W 8TH AVE,9,3,0,0,0,0,21,1,1,
PR0041312,PHARAOHS HOOKAH CAFE,COLUMBUS,PHARAOHS CAFE INC,1460 N HIGH ST,9,1,0,0,0,0,17,10,1,
PR0041210,DAIRY FAMILY,COLUMBUS,VICTORIAN VILLAGE INC,184 W 5TH AVE,9,5,0,0,0,0,23,1,1,
PR0040755,SMOKE ZONE SMOKE SHOP,COLUMBUS,CARPENTER NOVELTIES - OHIO INC,1202 N HIGH ST,9,3,2,0,1,1,5,1,0,
PR0040163,MIDNIGHT HOOKAH,COLUMBUS,T & R TOBACCO INC,1167 MT PLEASANT AVE,9,1,0,0,0,0,24,10,1,
PR0039626,KROGER #587,COLUMBUS,KROGER CO,1350 N HIGH ST,9,4,1,1,0,0,35,6,1,
PR0055493,DT EXPRESS,COLUMBUS,DT HUDSON LLC,1131 E HUDSON ST,9,3,2,0,0,0,17,1,0,
PR0055468,FINE FAIR FOOD,COLUMBUS,ALMA PLUS 4 LLC,1547 CLEVELAND AVE,9,2,0,0,0,0,30,5,1,
PR0055442,FM MARKET,COLUMBUS,FM MARKET LLC,2007 CLEVELAND AVE,9,2,1,0,0,1,13,5,0,
PR0055416,NV BAR & LOUNGE,COLUMBUS,ECHO BAR & LOUNGE LLP,797 ST CLAIR AVE,9,2,1,0,0,0,15,5,1,
PR0054904,FIFTH & SUNBURY MARKET,COLUMBUS,TIA 1 LLC,2157 E 5TH AVE,9,3,1,0,0,0,5,1,0,
PR0054184,LEONARD MARKET,COLUMBUS,KENAN21 INC,2070 LEONARD AVE STE F,9,1,0,0,0,0,24,10,1,
PR0053442,DREAM EXCLUSIVE,COLUMBUS,DREAM EXCLUSIVE LLC,2102 CLEVELAND AVE,9,4,1,1,0,0,17,6,1,
PR0052037,JR J'S DRIVE THRU,COLUMBUS,JRJ LLC,2179 PARKWOOD AVE,9,3,1,0,0,0,29,1,1,
PR0051846,DONS QUICK STOP,COLUMBUS,SAMEH N LLC,1724 CLEVELAND AVE,9,1,0,0,0,0,14,10,1,
PR0051546,JEFFERSON SMOKE PLUS,COLUMBUS,JEFFERSON HUDSON LLC,1043 E HUDSON ST,9,4,0,0,0,0,29,1,1,
PR0051532,PARKWOOD MARKET,COLUMBUS,PARKWOOD MARKET LLC,2207 PARKWOOD AVE,9,4,0,0,0,0,20,1,1,
PR0049679,TARA SUPER,COLUMBUS,TARA SUPER INC,2131 CLEVELAND AVE,9,5,0,0,0,0,11,1,0,
PR0048657,EXPRESS MARKET,COLUMBUS,EHAB EXPRESS MARKET LLC,900 E 5TH AVE,9,2,1,0,0,1,3,5,0,
PR0048499,SHEETZ #723,COLUMBUS,OHIO SPRINGS INC,2840 JOHNSTOWN RD,9,5,2,0,1,0,29,1,1,
PR0048262,UNCLE MAX GAS & FOOD,COLUMBUS,ZARA MART LLC,1221 E HUDSON ST,9,5,1,0,0,0,10,1,0,
PR0047895,DOLLAR GENERAL STORE #23287,COLUMBUS,DOLGEN MIDWEST LLC/OB,1431 CLEVELAND AVE,9,3,0,0,0,0,27,1,1,
PR0047154,WILLYS MARKET,COLUMBUS,HRFM INC,1917 HAMILTON AVE,9,1,0,0,0,0,20,10,1,
PR0045293,LD SUNOCO,COLUMBUS,LAEQ J DADA,849 E 5TH AVE,9,1,0,0,0,0,2,10,0,
PR0044040,ALI GUL MARKET,COLUMBUS,ALI GUL LLC,1905 CLEVELAND AVE,9,3,0,0,0,0,27,1,1,
PR0043535,EAST SIDE MARKET,COLUMBUS,EASTMAN FAMILY INC,2110 LEONARD AVE,9,4,2,0,0,0,31,1,0,
PR0043262,NABBY'S CARRYOUT,COLUMBUS,SELEYNA INC,1235 E HUDSON ST,9,2,1,0,0,1,2,5,0,
PR0041833,H AND N MARKET,COLUMBUS,HAROON A FAZLEY,1799 E HUDSON ST,9,5,2,1,0,0,25,6,0,
PR0041641,AMERICAN EAGLE DISCOUNT,COLUMBUS,AMERICAN EAGLE DISCOUNT INC,1485 SUNBURY RD STE B,9,1,0,0,0,0,28,10,1,
PR0041506,BEVERAGE WAREHOUSE,COLUMBUS,DESTINATION 2 SUCCESS LLC,847 E 11TH AVE,9,2,1,0,0,0,12,5,0,
PR0041271,MOBIL FIFTH AVE,COLUMBUS,KHURRAM LLC,1773 E 5TH AVE,9,4,0,0,0,0,4,1,0,
PR0040121,TURKEY HILL MINIT MARKET #708,COLUMBUS,TH MIDWEST INC,1425 N CASSADY AVE,9,2,0,0,0,0,16,5,1,
PR0039806,NORTH LINDEN MARKET,COLUMBUS,JOYCE MARKET INC,1580 JOYCE AVE,9,4,1,0,0,0,9,1,0,
PR0039577,WOODLAND EXPRESS,COLUMBUS,WOODLAND FOOD MART INC,1785 WOODLAND AVE,9,5,0,0,0,0,3,1,0,
PR0039581,BP OIL,COLUMBUS,BP 17TH AVE INC,1950 E 17TH AVE,9,5,1,0,0,1,26,1,0,
PR0039659,STAFFORD'S MARKET,COLUMBUS,2204 PARKWOOD INC,2204 PARKWOOD AVE,9,1,0,0,0,0,30,10,1,
PR0039431,DUCHESS SHOPPE EAST 5TH AVENUE #1259,COLUMBUS,ENGLEFIELD INC,2365 E 5TH AVE,9,4,0,0,0,0,34,1,1,
PR0039245,DOLLAR PLUS,COLUMBUS,1975 CLEVELAND INC,1975 CLEVELAND AVE,9,5,1,0,0,0,2,1,0,
PR0039081,5TH AVENUE EXXON,COLUMBUS,MOHAMMAD DADA,693 E 5TH AVE,9,4,3,1,1,0,3,6,0,
PR0055022,SMOKE PLUS FIVE,COLUMBUS,KARAMDAD INC,2671 PALMETTO ST,10,5,1,1,0,0,6,6,0,
PR0054984,EMPORIUM SMOKE SHOP,COLUMBUS,EMPORIUM SMOKE SHOP LLC,2016 SULLIVANT AVE,10,1,0,0,0,0,27,10,1,
PR0054908,BERRY SUPPLIES LTD,COLUMBUS,BERRY SUPPLIES LTD,1889 SULLIVANT AVE,10,3,1,0,0,1,23,1,0,
PR0054719,BROOKSHIRE FOODLINER,COLUMBUS,GITA RAJ LLC,2781 EAKIN RD,10,3,0,0,0,0,21,1,1,
PR0054645,GRANNYS MARKET,COLUMBUS,GRANNYS MARKET LLC,2211 W BROAD ST,10,2,0,0,0,0,32,5,1,
PR0054601,TOKE N' JOKE HEADSHOP,COLUMBUS,TOKE N' JOKE HEADSHOP LLC,1641 SULLIVANT AVE,10,5,0,0,0,0,23,1,1,
PR0054581,CANNA CABANA 614,COLUMBUS,CANNA CABANA 614 LLC,2737 SULLIVANT AVE,10,3,1,0,0,0,33,1,1,
PR0054411,EAKIN ROAD MARKET,COLUMBUS,2220 EAKIN INC,2220 EAKIN RD,10,2,1,1,0,1,1,10,0,
PR0054125,ROSCO'S MARKET,COLUMBUS,2500 SULLIVANT LLC,2500 SULLIVANT AVE,10,5,1,0,0,0,15,1,1,
PR0054027,PLANET PUFF,COLUMBUS,PLANET PUFF LLC,2530 SULLIVANT AVE,10,5,2,0,1,0,17,1,1,
PR0053931,RIDERS HUT,COLUMBUS,RIDERS HUT LLC,3322 W BROAD ST,10,1,1,1,0,0,35,15,1,
PR0053862,STEELE AVENUE MARKET,COLUMBUS,ABIHA ALI 786 INC,2552 STEELE AVE,10,2,1,0,0,0,34,5,1,
PR0053809,SUPER USA 202,COLUMBUS,BHARAT 2 OH INC,980 DEMOREST RD,10,0,0,0,0,0,14,20,1,
PR0053772,NAZANA'S PARADISE DRIVE THRU,COLUMBUS,NAZANA LLC,1540 W MOUND ST,10,3,0,0,0,0,23,1,1,
PR0053743,SPEEDY DRIVE THRU & SMOKE,COLUMBUS,NOOR AKRAM LLC,2421 SULLIVANT AVE,10,2,0,0,0,0,18,5,1,
PR0053738,SULLIVANT BP,COLUMBUS,JK 2800 LLC,2800 SULLIVANT AVE,10,3,0,0,0,0,23,1,1,
PR0053147,ALEX MARKET,COLUMBUS,RUBINA INC,2991 SULLIVANT AVE,10,4,2,0,1,0,18,1,1,
PR0052982,BUCKEYE SUPER MARKET,COLUMBUS,3201 SULLIVANT INC,3201 SULLIVANT AVE,10,1,0,0,0,0,6,10,0,
PR0052803,154 HAGUE FOOD MART,COLUMBUS,154 HAGUE FOOD MART INC,154 N HAGUE AVE,10,3,0,0,0,0,26,1,1,
PR0052391,HOLLYWOOD SMOKE AND VAPE,COLUMBUS,HOLLYWOOD DREAMS LLC,3951 W BROAD ST,10,2,1,0,0,1,14,5,0,
PR0052176,YOUR BOYZ SMOKE SHOP,COLUMBUS,MAGICAL CONNECTIONS LLC,2357 W BROAD ST,10,4,1,0,0,0,9,1,0,
PR0051856,MOBIL MART,COLUMBUS,MOBIL 2635 BROAD INC,2635 W BROAD ST,10,2,1,1,0,0,12,10,0,
PR0051718,HOLLYWOOD CASINO,COLUMBUS,CENTRAL OHIO GAMING VENTURES LLC,200 GEORGESVILLE RD,10,2,0,0,0,0,15,5,1,
PR0051719,HOLLYWOOD CASINO,COLUMBUS,CENTRAL OHIO GAMING VENTURES LLC,200 GEORGESVILLE RD,10,3,1,0,0,0,11,1,0,
PR0051597,BROTHERS MARKET,COLUMBUS,BROTHERS MARKET LLC,1971 DOREN AVE,10,4,1,0,0,0,6,1,0,
PR0051594,SUNOCO WEST BROAD,COLUMBUS,MSS WEST BROAD 2725 LLC,2725 W BROAD ST,10,5,0,0,0,0,2,1,0,
PR0051512,M & S CARRYOUT,COLUMBUS,590 ZACK CARRYOUT INC,590 GEORGESVILLE RD,10,5,0,0,0,0,28,1,1,
PR0050073,MI FAMILIA MARKET,COLUMBUS,MI FAMILIA MARKET LLC,2331 W BROAD ST,10,0,0,0,0,0,0,20,1,
PR0049185,M & J CARRYOUT,COLUMBUS,ASSAD EXPRESS INC,1958 SULLIVANT AVE,10,2,0,0,0,0,19,5,1,
PR0048348,BELVIDERE FAST MART 1ST FLOOR & BASEMENT,COLUMBUS,BELVIDERE FAST MART INC,126 BELVIDERE AVE,10,2,0,0,0,0,25,5,1,
PR0047586,SAM'S DRIVE THRU,COLUMBUS,SAMS DRIVE THRU LLC,2357 SULLIVANT AVE,10,2,0,0,0,0,17,5,1,
PR0047567,US FOOD MART,COLUMBUS,US FOOD MART LLC,1975 W MOUND ST,10,4,3,1,1,0,9,6,0,
PR0047327,BRIGGS STOP MART,COLUMBUS,BRFM LLC,3452 BRIGGS RD,10,4,2,0,0,0,26,1,0,
PR0046766,HASEEB PETROLEUM,COLUMBUS,HASEEB PETROLEUM LLC,3933 SULLIVANT AVE,10,5,0,0,0,0,29,1,1,
PR0045665,M EXPRESS MARKET,COLUMBUS,MESFIN M LLC,2305 W BROAD ST,10,5,1,0,0,0,7,1,0,
PR0045264,AU MARKET,COLUMBUS,ALI SWATI LLC,2281 SULLIVANT AVE,10,5,1,0,0,1,8,1,0,
PR0043427,SAVE WAY MINI MART,COLUMBUS,ABDULLAH MART INC,2585 W BROAD ST,10,4,3,1,1,1,21,6,0,
PR0043263,MANOR CARRYOUT,COLUMBUS,MARAM INVESTMENTS LLC,579-81 WEDGEWOOD DR,10,1,1,0,0,0,5,10,0,
PR0041845,JULIAN FOODS,COLUMBUS,AMEER WEST SIDE CARRYOUT LLC,3277 W BROAD ST,10,5,2,1,0,0,24,6,0,
PR0041320,MOUND STREET MARKET,COLUMBUS,MOUND STREET MARKET INC,1690 W MOUND ST,10,0,0,0,0,0,0,20,1,
PR0041233,PIZZA CHATEAU,COLUMBUS,2602 EAKIN ROAD INC,2602 EAKIN RD,10,4,1,0,0,0,4,1,0,
PR0041199,LA MICHOACANA MARKET #2,COLUMBUS,LA MICHOACANA MEXICAN MARKET II LLC,3629 SULLIVANT AVE,10,5,0,0,0,0,18,1,1,
PR0041179,FOODMART EXPRESS,COLUMBUS,WARRREN INC,2714 SULLIVANT AVE,10,3,0,0,0,0,28,1,1,
PR0040963,GAS LITE DRIVE THRU,COLUMBUS,3446 SULLIVANT INC,3446 SULLIVANT AVE,10,2,0,0,0,0,22,5,1,
PR0040765,TOBACCO OUTLET III,COLUMBUS,R O B ENTERPRISES INC,2807 W BROAD ST,10,3,2,0,1,0,29,1,1,
PR0040691,DOLLAR EXPRESS #19258,COLUMBUS,DOLGEN MIDWEST LLC/OB,128 N WILSON RD,10,2,0,0,0,0,2,5,0,
PR0040610,KROGER FUEL CENTER #598,COLUMBUS,KROGER CO,85 N WILSON RD,10,1,0,0,0,0,13,10,0,
PR0040580,BEDS 'N' STUFF SUPERSTORE,COLUMBUS,WATERBEDS 'N' STUFF INC,3592 SOLDANO BLVD,10,3,0,0,0,0,34,1,1,
PR0040084,DOLLAR GENERAL STORE #17396,COLUMBUS,DOLGEN MIDWEST LLC/OB,3561 SULLIVANT AVE,10,5,0,0,0,0,6,1,0,
PR0040094,KROGER #598,COLUMBUS,KROGER CO,3600 SOLDANO BLVD,10,5,1,0,0,0,17,1,1,
PR0039876,HOLLYWOOD CASINO,COLUMBUS,CENTRAL OHIO GAMING VENTURES LLC,200 GEORGESVILLE RD,10,3,1,0,0,0,29,1,1,
PR0039842,N & N SUPERMARKET,COLUMBUS,N & N SULLIVANT INC,2240 SULLIVANT AVE,10,3,0,0,0,0,32,1,1,
PR0039747,MARATHON,COLUMBUS,SULLIVANT AVE INC,3464 SULLIVANT AVE,10,4,0,0,0,0,30,1,1,
PR0039653,UNITED DAIRY FARMERS #649,COLUMBUS,UDF LIMITED PARTNERSHIP II,530 S HAGUE AVE,10,2,0,0,0,0,17,5,1,
PR0039661,WALGREENS #6378,COLUMBUS,WALGREEN CO,2770 W BROAD ST,10,5,1,0,0,0,29,1,1,
PR0039426,PILOT TRAVEL CENTER #213,COLUMBUS,PILOT TRAVEL CENTERS LLC,3600 INTERCHANGE RD,10,2,0,0,0,0,7,5,0,
PR0039443,DUCHESS SHOPPE WILSON RD #1260,COLUMBUS,ENGLEFIELD INC,850 WILSON RD,10,3,0,0,0,0,13,1,0,
PR0039480,FAMILY DOLLAR STORE #25765,COLUMBUS,FAMILY DOLLAR STORES OF OHIO LLC,2777 SULLIVANT AVE,10,5,1,0,0,0,20,1,1,
PR0039487,FAMILY DOLLAR STORE #22007,COLUMBUS,FAMILY DOLLAR STORES OF OHIO LLC,3631 SULLIVANT AVE,10,1,1,1,0,0,7,15,0,
PR0039528,SPEEDWAY 5284,COLUMBUS,SPEEDWAY LLC,799 N WILSON RD,10,4,2,0,0,1,8,1,0,
PR0039333,GOLDEN MARKET,COLUMBUS,YELLOW STONE LLC,2185 W MOUND ST,10,4,2,0,1,1,4,1,0,
PR0039225,COUNTRY FOOD STORE,COLUMBUS,ABUSALHA INC,3861 SULLIVANT AVE,10,5,2,0,1,0,30,1,1,
PR0039230,DOLLAR GENERAL #10953,COLUMBUS,DOLGEN MIDWEST LLC/OB,745 GEORGESVILLE RD,10,3,0,0,0,0,1,1,0,
PR0039249,CERTIFIED OIL #388,COLUMBUS,CERTIFIED OIL CORPORATION,3204 W BROAD ST,10,5,2,0,0,0,10,1,0,
PR0039180,BRIGGS MART,COLUMBUS,BRIGGS MART INC,2774 BRIGGS RD,10,0,0,0,0,0,0,20,1,
PR0039201,CIRCLE V FOOD,COLUMBUS,SAMAH LLC,2124 W MOUND ST,10,2,0,0,0,0,34,5,1,
PR0039127,BROAD & HAGUE MARATHON,COLUMBUS,R O B ENTERPRISES INC,2805 W BROAD ST,10,3,2,0,1,0,31,1,1,
PR0042208,JEFF RUBYS,COLUMBUS,JEFF RUBY'S COLUMBUS LLC,89 E NATIONWIDE BLVD 1ST FLR,10,1,0,0,0,0,27,10,1,
PR0040180,NIELSONS,COLUMBUS,MAHARAJ SWAMI LLC,3 NATIONWIDE PLZ,10,5,2,0,0,0,33,1,0,
PR0040135,NIELSEN'S  #17,COLUMBUS,ECONOMY ENTERPRISES INC,400 N HIGH ST STE 101-3,10,5,0,0,0,0,6,1,0,
PR0040101,DOWNTOWN CONVENIENCE,COLUMBUS,BHAGWADI LLC,26 N HIGH ST FRONT,10,2,0,0,0,0,14,5,1,
PR0054023,TO THE MOON SMOKE & VAPE,COLUMBUS,BEXLEY COTTAGE LLC,3329 E BROAD ST,11,1,0,0,0,0,33,10,1,
PR0053634,JAFRA CAFE,COLUMBUS,JAFRA CAFE LLC,40 N JAMES RD,11,5,2,0,0,0,8,1,0,
PR0053208,DOLLAR GENERAL #30929,COLUMBUS,DOLGEN MIDWEST LLC,3355 E LIVINGSTON AVE,11,2,1,0,0,1,12,5,0,
PR0052396,FAMILY DOLLAR #33958,COLUMBUS,FAMILY DOLLAR STORES OF OHIO LLC,3307 E BROAD ST,11,3,1,0,0,0,6,1,0,
PR0052046,J KHAN DRIVE THRU,COLUMBUS,JAY KHAN LLC,1436 S HAMILTON RD,11,4,1,0,0,0,11,1,0,
PR0051909,STELZER FOOD EXPRESS,COLUMBUS,STELZER FOOD EXPRESS INC,755 STELZER RD,11,2,0,0,0,0,35,5,1,
PR0051825,HALL MART FOOD STORE,COLUMBUS,AQ MART LLC,1448 COURTRIGHT RD,11,4,0,0,0,0,21,1,1,
PR0051782,HAPPY MARKET,COLUMBUS,HAPPY MARKET LLC,1427 S HAMILTON RD,11,2,1,1,0,0,15,10,1,
PR0051777,CONVENIENT PLUS FOOD MART,COLUMBUS,CPFM LLC,3351 E MAIN ST,11,1,0,0,0,0,30,10,1,
PR0051752,ISMOKE & VAPE,COLUMBUS,SMOKEPROS LLC,1403 S HAMILTON RD,11,3,1,0,0,0,7,1,0,
PR0051720,DRIVE N GO DRIVE THRU,COLUMBUS,AL HAIDAR INC,4827 E MAIN ST,11,4,1,0,0,1,12,1,0,
PR0051529,THIRSTY DRIVE THRU,COLUMBUS,EXPRESS CARRYOUT COLUMBUS LLC,4027 E LIVINGSTON AVE,11,2,1,0,0,0,26,5,1,
PR0051256,LAS PALOMAS,COLUMBUS,LAS PALOMAS GROCERY STORE INC,2915 E 5TH AVE,11,5,0,0,0,0,9,1,0,
PR0051253,NATURAL NECESSITIES,COLUMBUS,ALL NATURAL NECESSITIES LLC,3130 E LIVINGSTON AVE,11,1,0,0,0,0,5,10,0,
PR0050044,BEECHWOOD MARKET,COLUMBUS,A & T 3796 INC,3796 E LIVINGSTON AVE,11,1,0,0,0,0,16,10,1,
PR0050019,SMVC STORE,COLUMBUS,SOLUTIONS MED VAPE CONSULTANTS LLC,855 S WEYANT AVE,11,5,1,0,0,0,21,1,1,
PR0049968,NEW BOTTLE CAP BEVERAGE,COLUMBUS,3020 LIVINGSTON CORP,3020 E LIVINGSTON AVE,11,3,1,0,0,0,35,1,1,
PR0049900,99 CENTS STORE PLUS BEAUTY DISCOUNT,COLUMBUS,ADIGO HAIR AND RETAIL LLC,1218 S JAMES RD,11,1,0,0,0,0,34,10,1,
PR0048549,BEST MARKET & DRIVE THRU,COLUMBUS,BEST DRIVE THRU LLC,2844 E 5TH AVE,11,1,1,1,0,0,10,15,0,
PR0047034,A & B MARKET,COLUMBUS,LIVINGSTON EXPRESS MART INC,5440 E LIVINGSTON AVE,11,2,0,0,0,0,15,5,1,
PR0046988,EAST MAIN STREET SMOKESHOP & CARRYOUT,COLUMBUS,RAYYAN & YOUSAF CORP,2914 E MAIN ST,11,4,1,0,0,1,2,1,0,
PR0046712,GREAT MIAMI MARKET,COLUMBUS,ALI 1178 INC,5121 E MAIN ST,11,2,1,0,0,0,31,5,1,
PR0046675,CONVENIENT PLUS FOOD MART,COLUMBUS,5435 LIVINGSTON LLC,5435 E LIVINGSTON AVE,11,1,0,0,0,0,27,10,1,
PR0045746,ONE STOP MARKET,COLUMBUS,ALPHA TESFAY LLC,1447 S HAMILTON RD,11,2,1,0,0,0,13,5,0,
PR0045668,SHELL,COLUMBUS,4751 T & R LLC,4751 E MAIN ST,11,4,0,0,0,0,32,1,1,
PR0043265,LIVINGSTON EXXON,COLUMBUS,2097 E LIVINGSTON INC,2097 E LIVINGSTON AVE,11,2,0,0,0,0,10,5,0,
PR0041711,FAST STOP,COLUMBUS,ZZS LLC,3245 E BROAD ST,11,3,0,0,0,0,16,1,1,
PR0041252,LIVINGSTON & HAMILTON SHELL,COLUMBUS,4425 E LIVINGSTON INC,4425 E LIVINGSTON AVE,11,4,0,0,0,0,30,1,1,
PR0041205,MARATHON,COLUMBUS,1466 S HAMILTON LLC,1466 S HAMILTON RD,11,4,1,0,0,0,33,1,1,
PR0041181,LIVINGSTON SUNOCO,COLUMBUS,LIVINGSTON SUNOCO INC,3172 E LIVINGSTON AVE,11,3,1,0,0,0,25,1,1,
PR0041175,EAGLE FUEL,COLUMBUS,EAGLE FUEL LLC,3851 E LIVINGSTON AVE,11,3,0,0,0,0,14,1,1,
PR0040191,AIRPORT DUCHESS #1250,COLUMBUS,ENGLEFIELD INC,4455 E 5TH AVE,11,1,0,0,0,0,6,10,0,
PR0040078,BIG R,COLUMBUS,FRANKS FOOD INC,3420 BEXVIE AVE # C,11,4,1,0,0,1,21,1,0,
PR0039813,SAM'S CARRY OUT,COLUMBUS,SAMI'S CARRY OUT INC,860 N CASSADY AVE,11,3,0,0,0,0,4,1,0,
PR0039569,SUNOCO,COLUMBUS,DEENA BEXLEY INC,3034 E BROAD ST,11,5,1,0,0,0,18,1,1,
PR0039663,WALGREENS #6273,COLUMBUS,WALGREEN CO,3015 E LIVINGSTON AVE,11,5,2,0,1,0,33,1,1,
PR0039716,SPEEDY MART,COLUMBUS,SPEEDY MART MOBIL INC,3377 E LIVINGSTON AVE,11,2,0,0,0,0,3,5,0,
PR0039473,QUICK STOP,COLUMBUS,2776 E FIFTH LLC,2776 E 5TH AVE,11,5,1,0,0,0,26,1,1,
PR0039501,SPEEDWAY 9151,COLUMBUS,SPEEDWAY LLC,4901 E MAIN ST,11,5,0,0,0,0,18,1,1,
PR0039542,SPEEDWAY 9339,COLUMBUS,SPEEDWAY LLC,2965 E MAIN ST,11,5,1,1,0,0,25,6,1,
PR0039549,SPEEDWAY 9706,COLUMBUS,SPEEDWAY LLC,3304 E BROAD ST,11,5,2,0,0,0,17,1,0,
PR0039261,CHEEMA MAIN ST MART,COLUMBUS,CHEEMA MAIN STREET INC,3140 E MAIN ST,11,4,0,0,0,0,21,1,1,
PR0039265,CHUCK'S CARRY OUT,COLUMBUS,ATAH INC,3140 ALLEGHENY AVE,11,4,0,0,0,0,11,1,0,
PR0039167,DOLLAR GENERAL #11851,COLUMBUS,DOLGEN MIDWEST LLC/OB,3000 E BROAD ST,11,0,0,0,0,0,4,20,0,
PR0039085,A & M CARRYOUT,COLUMBUS,ASSAB LLC,2990 E 5TH AVE,11,5,2,0,1,1,26,1,0,
PR0054174,SHEETZ #882,COLUMBUS,OHIO SPRINGS INC,5757 W BROAD ST,11,0,0,0,0,0,33,20,1,
PR0054135,VAPOR MAVEN,COLUMBUS,VAPOR MAVEN GEORGESVILLE LLC,1617 GEORGESVILLE SQUARE DR,11,1,1,1,0,0,19,15,1,
PR0053950,DEMOREST MARKET,COLUMBUS,DCA MARKET LLC,1425 DEMOREST RD,11,5,2,0,0,0,3,1,0,
PR0053531,SMOKER ZONE,GALLOWAY,GALLOWAY SMOKE SHOP LLC,970 GALLOWAY RD,11,4,3,0,1,0,8,1,0,
PR0053489,NORTON ROAD DRIVE THRU,COLUMBUS,ZYNN INC,550 NORTON RD,11,4,1,0,0,1,33,1,0,
PR0052092,SHOP 614,COLUMBUS,SHOP 614 LLC,1949 ZETTLER CENTER DR,11,3,0,0,0,0,31,1,1,
PR0051534,NORTON SUNOCO,COLUMBUS,OM OIL COLUMBUS LLC,552 NORTON RD,11,1,0,0,0,0,13,10,0,
PR0050844,ZIP THRU 2 BEER & WINE,COLUMBUS,ZAHRA INVESTMENTS LTD,1146 NORTON RD,11,1,0,0,0,0,35,10,1,
PR0048679,GALLOWAY WINE AND SPIRITS,GALLOWAY,GALLOWINE LLC,950 S GALLOWAY RD,11,2,1,0,0,0,15,5,1,
PR0048609,DEMOREST BEER DOCK,COLUMBUS,LRT 1232 BEVERAGE LLC,1232 DEMOREST RD,11,4,1,1,0,0,23,6,1,
PR0048516,DOLLAR GENERAL STORE #22948,COLUMBUS,DOLGEN MIDWEST LLC/OB,415 NORTON RD,11,1,0,0,0,0,10,10,0,
PR0048173,NORTON MARATHON,COLUMBUS,AMEEN MARATHON INC,385 NORTON RD,11,2,1,0,0,1,26,5,0,
PR0047220,BEVERAGE DOCK,GROVE CITY,MB BEVERAGE INC,2330 HARRISBURG PIKE,11,4,2,0,0,0,15,1,0,
PR0046885,SMOKE N GULP,GALLOWAY,SADEEN TOBACCO INC,5630 HALL RD,11,2,1,0,0,0,30,5,1,
PR0046029,SMOKIE TALKIE,COLUMBUS,NORADONA 1220 LLC,1230 DEMOREST RD,11,3,0,0,0,0,11,1,0,
PR0045783,TOBACCO DISCOUNTER,COLUMBUS,SMOKERS HOUSE INC,2139 EAKIN RD,11,2,0,0,0,0,18,5,1,
PR0045575,THORNTONS #66,COLUMBUS,THORNTONS LLC,1771 NORTON RD,11,2,0,0,0,0,20,5,1,
PR0045471,UNITED DAIRY FARMERS #612,COLUMBUS,UDF LIMITED PARTNERSHIP I,3535 CLIME RD,11,1,0,0,0,0,35,10,1,
PR0042264,FAMILY DOLLAR #31767,GROVE CITY,FAMILY DOLLAR STORES OF OHIO LLC,2180 HARRISBURG PIKE,11,5,2,0,0,1,1,1,0,
PR0041473,CERTIFIED OIL #489,COLUMBUS,CERTIFIED OIL CORPORATION,856-858 FRANK RD,11,5,0,0,0,0,14,1,1,
PR0041200,ALKIRE MARATHON,GALLOWAY,5600 ALKIRE INC,5600 ALKIRE RD,11,1,0,0,0,0,27,10,1,
PR0040671,TOBACCO PLUS,COLUMBUS,TOBACCO PLUS INC,3520 CLIME RD,11,2,0,0,0,0,23,5,1,
PR0040611,KROGER FUEL CENTER #519,COLUMBUS,KROGER CO,1585 GEORGESVILLE SQUARE DR,11,3,0,0,0,0,2,1,0,
PR0040435,KROGER FUEL CENTER #990,COLUMBUS,KROGER CO,2161 EAKIN RD,11,3,0,0,0,0,35,1,1,
PR0040103,CERTIFIED OIL #219,COLUMBUS,CERTIFIED OIL CORPORATION,1081 FRANK RD,11,2,0,0,0,0,14,5,1,
PR0039864,LA MICHOACANA #7,COLUMBUS,LA MICHOACANA MEXICAN MARKET #4 LLC,534 NORTON RD,11,2,0,0,0,0,22,5,1,
PR0039589,KROGER #519,COLUMBUS,KROGER CO,1585 GEORGESVILLE SQ DR,11,4,2,1,0,0,10,6,0,
PR0039597,UNITED DAIRY FARMERS #676,COLUMBUS,UDF LIMITED PARTNERSHIP I,1341 GEORGESVILLE RD,11,4,1,0,0,0,14,1,1,
PR0039625,TURKEY HILL #717,COLUMBUS,TH MIDWEST INC,950 GEORGESVILLE RD,11,4,0,0,0,0,6,1,0,
PR0039630,KROGER #990,COLUMBUS,KROGER CO,2161 EAKIN RD,11,3,1,0,0,0,10,1,0,
PR0039650,WALGREENS #6981,COLUMBUS,WALGREEN CO,1280 DEMOREST RD,11,1,1,1,0,0,26,15,1,
PR0039673,UNITED DAIRY FARMERS #669,COLUMBUS,UDF LIMITED PARTNERSHIP II,901 NORTON RD,11,1,1,1,0,1,3,15,0,
PR0039691,MARATHON FOOD MARKET,COLUMBUS,HADEEL LLC,1226 GEORGESVILLE RD,11,5,3,0,1,0,35,1,0,
PR0039467,FAMILY DOLLAR STORE #23980,COLUMBUS,FAMILY DOLLAR STORES OF OHIO LLC,2175 EAKIN RD,11,2,0,0,0,0,12,5,0,
PR0039517,GEORGESVILLE SHELL,COLUMBUS,WEST SIDE MANAGEMENT LLC,1240 GEORGESVILLE RD,11,1,1,1,0,0,14,15,1,
PR0039535,SPEEDWAY 5238,GALLOWAY,SPEEDWAY LLC,955 S GALLOWAY RD,11,2,0,0,0,0,28,5,1,
PR0039565,SPEEDWAY 9268,COLUMBUS,SPEEDWAY LLC,1505 HARRISBURG PIKE,11,1,1,1,0,0,20,15,1,
PR0039352,HARRISBURG PIKE SUNOCO,COLUMBUS,1305 HARRISBURG INC,1305 HARRISBURG PIKE,11,1,1,1,0,0,3,15,0,
PR0039340,HALL MARKET,COLUMBUS,RAMI Z INC,5526 HALL RD,11,1,1,1,0,1,1,15,0,
PR0039250,CERTIFIED OIL #485,GALLOWAY,CERTIFIED OIL CORPORATION,4580 ALKIRE RD,11,4,2,0,0,1,9,1,0,
PR0039138,DOLLAR GENERAL #9923,COLUMBUS,DOLGEN MIDWEST LLC/OB,1130 NORTON RD,11,2,1,0,0,0,25,5,1,
PR0039140,DOLLAR GENERAL #7676,COLUMBUS,DOLGEN MIDWEST LLC/OB,1260 DEMOREST RD,11,4,1,0,0,0,35,1,1,
PR0039097,CIRCLE K #4705268,COLUMBUS,MAC'S CONVENIENCE STORES LLC,5499 HALL RD,11,1,0,0,0,0,23,10,1,
PR0055449,ERIKA KAY,COLUMBUS,ERIKA KAY LLC,3984 ALUM CREEK DR,12,2,0,0,0,0,30,5,1,
PR0055072,ALFAA MART,COLUMBUS,ALFAA 21 LLC,3200 S HIGH ST,12,1,1,1,0,0,8,15,0,
PR0054742,BP,COLUMBUS,COLUMBUS SOUTH HIGH LLC,4569 S HIGH ST,12,3,0,0,0,0,7,1,0,
PR0054183,GETGO #3537,GROVEPORT,GETGO OPERATING LLC,3765 S HAMILTON RD,12,2,0,0,0,0,22,5,1,
PR0054028,ROCKY HOC,COLUMBUS,ROCKY HOC LLC,2448 S HIGH ST,12,5,2,0,0,1,2,1,0,
PR0053835,UP IN SMOKE SHOP,COLUMBUS,UP IN SMOKE SHOP LLC,2926 S HIGH ST,12,4,0,0,0,0,25,1,1,
PR0051819,QUICK CARRYOUT,COLUMBUS,H & Y QUICK MART LLC,2934 S HIGH ST,12,3,0,0,0,0,34,1,1,
PR0051644,EXPRESS BEVERAGE CENTER,COLUMBUS,DEVINE BEVERAGE LLC,348 WILLIAMS RD,12,3,0,0,0,0,7,1,0,
PR0051645,KELLY'S MARKET,COLUMBUS,DEVINE MARKETPLACE LLC,3453 PARSONS AVE,12,1,1,1,0,0,12,15,0,
PR0051535,UNITED FOOD MART,COLUMBUS,OM OIL COLUMBUS LLC,2805 S HIGH ST,12,5,1,0,0,1,3,1,0,
PR0051493,TOBACCO DISCOUNTERS,COLUMBUS,SHIVAY 2 LLC,3767 S HIGH ST,12,1,0,0,0,0,31,10,1,
PR0051371,SOUTH HIGH SMOKE SHOP,COLUMBUS,SOUTH HIGH SMOKE SHOP LLC,3396 S HIGH ST,12,4,1,0,0,0,10,1,0,
PR0049543,DAIRY LAND EXPRESS,COLUMBUS,LEADER CARRYOUT INC,2555 PETZINGER RD,12,4,0,0,0,0,24,1,1,
PR0048207,SHEETZ #722,GROVEPORT,OHIO SPRINGS INC,3999 S HAMILTON RD,12,5,1,0,0,0,14,1,1,
PR0046771,MARATHON EXPRESS,COLUMBUS,SAFEWAY INVESTMENTS LLC,3434 PARSONS AVE,12,1,0,0,0,0,35,10,1,
PR0046518,DOLLAR GENERAL STORE #20932,COLUMBUS,DOLGEN MIDWEST LLC/OB,2556 LOCKBOURNE RD,12,0,0,0,0,0,28,20,1,
PR0046178,CERTIFIED OIL CORPORATION #491,COLUMBUS,CERTIFIED OIL CORPORATION,5991 S HIGH ST,12,1,0,0,0,0,6,10,0,
PR0045982,SOUTH HIGH MOBIL,COLUMBUS,GB MOBILE LLC,2727 S HIGH ST,12,3,2,1,0,1,15,6,0,
PR0045574,THORTON #500,COLUMBUS,THORNTONS LLC,3898 ALUM CREEK DR,12,3,1,0,0,0,23,1,1,
PR0044338,EL DORADO GAMING SCIOTO DOWNS - THE TERRACE,COLUMBUS,SCIOTO DOWNS INC,6000 S HIGH ST,12,4,1,0,0,0,26,1,1,
PR0042877,SCIOTO DOWN - SPORTS BAR & PATIO BAR,COLUMBUS,SCIOTO DOWNS INC,6000 S HIGH ST,12,3,0,0,0,0,29,1,1,
PR0041401,SCIOTO DOWNS GAMING BUILDING,COLUMBUS,SCIOTO DOWNS INC,6000 S HIGH ST,12,5,1,0,0,0,16,1,1,
PR0041403,SCIOTO DOWNS GAMING BUILDING,COLUMBUS,SCIOTO DOWNS INC,6000 S HIGH ST,12,3,2,0,1,1,10,1,0,
PR0041211,B & M MARKET 2,COLUMBUS,MIDWEST FOOD & GROCERS INC,2552 LOCKBOURNE RD,12,1,0,0,0,0,20,10,1,
PR0040965,GET N GO DRIVE THRU,COLUMBUS,RAWAL ENTERPRISE INC,3612 LOCKBOURNE RD,12,4,1,1,0,0,19,6,1,
PR0040442,KROGER FUEL CENTER #815,COLUMBUS,KROGER CO,3637 S HIGH ST,12,5,0,0,0,0,22,1,1,
PR0040150,SCIOTO DOWNS,COLUMBUS,SCIOTO DOWNS INC,6000 S HIGH ST,12,3,0,0,0,0,29,1,1,
PR0040091,DOLLAR GENERAL #3341,COLUMBUS,DOLGEN MIDWEST LLC/OB,3221 S HIGH ST,12,3,1,0,0,0,2,1,0,
PR0039849,HOME MARKET,COLUMBUS,ANGELA FOOD LLC,2386 GROVEPORT RD,12,5,1,0,0,0,1,1,0,
PR0039810,S-HI CARRYOUT,COLUMBUS,HTN INC,3250 S HIGH ST,12,3,0,0,0,0,8,1,0,
PR0039608,KROGER #815,COLUMBUS,KROGER CO,3637 S HIGH ST,12,2,1,1,0,0,20,10,1,
PR0039619,TURKEY HILL MINIT MARKET #720,COLUMBUS,TH MIDWEST INC,2731 WINCHESTER PIKE,12,5,1,0,0,0,26,1,1,
PR0039621,TURKEY HILL MINIT MARKET #712,COLUMBUS,TH MIDWEST INC,3900 S HIGH ST,12,2,0,0,0,0,18,5,1,
PR0039669,WALGREENS #01317,COLUMBUS,WALGREEN CO,3445 S HIGH ST,12,1,1,1,0,1,14,15,0,
PR0039712,FAST MART,COLUMBUS,CTG INC,3495 PARSONS AVE,12,2,2,1,1,0,35,10,1,
PR0039406,MILHEM MARKET,COLUMBUS,1562 WATKINS INC,1562 WATKINS RD,12,2,0,0,0,0,25,5,1,
PR0039534,TRUE NORTH STORE #677,COLUMBUS,TRUE NORTH ENERGY LLC,2441 LOCKBOURNE RD,12,2,0,0,0,0,30,5,1,
PR0039554,SPEEDWAY 5128,COLUMBUS,SPEEDWAY LLC,3860 S HIGH ST,12,4,2,0,1,0,19,1,1,
PR0039309,GIANT EAGLE #6537,GROVEPORT,TAMARKIN CO,3841 S HAMILTON RD,12,4,1,1,0,0,7,6,0,
PR0039247,CERTIFIED OIL #354,COLUMBUS,CERTIFIED OIL CORPORATION,2483 PARSONS AVE,12,2,0,0,0,0,9,5,0,
PR0039195,DOLLAR GENERAL #10181,COLUMBUS,DOLGEN MIDWEST LLC/OB,3636 LOCKBOURNE RD,12,2,0,0,0,0,27,5,1,
PR0039196,DOLLAR GENERAL #12259,COLUMBUS,DOLGEN MIDWEST LLC/OB,4050 ALUM CREEK DR,12,0,0,0,0,0,0,20,1,
PR0039077,CIRCLE K #4705686,COLUMBUS,MAC'S CONVENIENCE STORES LLC,2481 PETZINGER RD,12,3,0,0,0,0,33,1,1,
PR0055438,CANAL WINCHESTER SHELL,COLUMBUS,R & R TAKHAR OPERATIONS INC,3480 GENDER RD,12,3,1,0,0,1,4,1,0,
PR0055368,MIKE FOOD MART,COLUMBUS,MIKE FOOD MART INC,2660 NOE BIXBY RD,12,1,0,0,0,0,7,10,0,
PR0054684,SMART STOP DRIVE THRU,COLUMBUS,SMART FOOD MART LLC,6830 REFUGEE RD,12,4,1,0,0,0,31,1,1,
PR0053799,CROWN SMOKE AND CELL,CANAL WINCHESTER,CROWN SMOKE AND CELL INC,3544 GENDER RD,12,4,1,0,0,0,29,1,1,
PR0053628,SMOKE SHOP CIGARS,COLUMBUS,REDEYE VIBES LLC,3581 REFUGEE RD,12,2,2,1,1,0,3,10,0,
PR0053490,ONE STOP,COLUMBUS,SHAAN HAMILTON LLC,4305 EASTLAND SQUARE DR,12,3,0,0,0,0,33,1,1,
PR0051494,4430 REFUGEE RD INC,COLUMBUS,4330 REFUGEE RD INC,4430 REFUGEE RD,12,0,0,0,0,0,0,20,1,
PR0049965,EV MARKET PLACE,CANAL WINCHESTER,EV MARKET PLACE INC,4984-86 GENDER RD,12,3,1,0,0,1,25,1,0,
PR0048884,CROWN TOBACCO AND VAPE,COLUMBUS,MUSTAFA INVESTMENT GROUP INC,2750 S HAMILTON RD,12,3,0,0,0,0,2,1,0,
PR0048554,EASTLAND FOOD MART,COLUMBUS,EASTLAND FOOD MART INC,2213 COURTRIGHT RD,12,4,1,0,0,0,23,1,1,
PR0048152,MARATHON REFUGEE,CANAL WINCHESTER,JR PETROLEUM INC,6750 REFUGEE RD,12,2,0,0,0,0,31,5,1,
PR0046954,DE STORE,COLUMBUS,KARAK 100 INC,5593 CHATTERTON RD,12,1,0,0,0,0,16,10,1,
PR0046847,KIMBERLY MARKET,COLUMBUS,4295 KIMBERLY PARKWAY INC,4295 KIMBERLY PKWY,12,3,1,1,0,0,13,6,0,
PR0046115,DE STORE,CANAL WINCHESTER,5273 GENDER RD INC,5273 GENDER RD,12,1,0,0,0,0,7,10,0,
PR0045667,REFUGEE FOOD MART,COLUMBUS,SINGH JIT LLC,3877 REFUGEE RD,12,3,0,0,0,0,32,1,1,
PR0045573,THORNTONS #36,COLUMBUS,THORNTONS LLC,4600 WINCHESTER PIKE,12,4,0,0,0,0,29,1,1,
PR0045307,SPARTANS MARKET,COLUMBUS,WALID STORES LLC,4992 LINDORA DR,12,3,0,0,0,0,17,1,1,
PR0043119,LION'S DEN,COLUMBUS,MILE II INC,4315 KIMBERLY PKWY,12,2,1,1,0,1,6,10,0,
PR0042871,DOLLAR GENERAL STORE #16681,CANAL WINCHESTER,DOLGEN MIDWEST LLC/OB,6335 REFUGEE RD,12,2,0,0,0,0,13,5,0,
PR0041303,NOE BIXBY MARATHON,COLUMBUS,SHAH 3 INC,4755 REFUGEE RD,12,2,0,0,0,0,27,5,1,
PR0041243,CHAUDHARY MART (SUNOCO),COLUMBUS,LAURA & CHAUDHARY VENTURES INC,4251 KIMBERLY PKWY,12,2,0,0,0,0,33,5,1,
PR0041173,LINDA'S MARKET,COLUMBUS,LINDAS FOOD MARKET LLC,2165 COURTRIGHT RD,12,1,0,0,0,0,9,10,0,
PR0040967,NOE BIXBY DRIVE THRU,COLUMBUS,NOE BIXBY BEVERAGE CENTER INC,2960 NOE BIXBY RD,12,5,0,0,0,0,4,1,0,
PR0040800,THE DRUG STORE,COLUMBUS,THE DRUG STORE PHARMACY INC,2940 GROVEPORT RD,12,3,0,0,0,0,23,1,1,
PR0040444,KROGER FUEL CENTER #N-514,CANAL WINCHESTER,KROGER CO,3598 GENDER RD,12,4,0,0,0,0,6,1,0,
PR0039869,LA MICHOACANA MKT #6,COLUMBUS,LEO'S MEXICAN MARKETS LLC,3160 S HAMILTON RD,12,4,2,0,1,0,24,1,1,
PR0039605,KROGER #N-514,COLUMBUS,KROGER CO,3588 GENDER RD,12,3,1,0,0,0,12,1,0,
PR0039471,EASTLAND SUNOCO MINI MART,COLUMBUS,BOB MARSHALL ENTERPRISES INC,2190 S HAMILTON RD,12,3,1,0,0,0,9,1,0,
PR0039486,FAMILY DOLLAR STORE #30095,COLUMBUS,FAMILY DOLLAR STORES OF OHIO LLC,3619 S HAMILTON RD,12,4,1,0,0,1,23,1,0,
PR0039503,FAMILY DOLLAR #30064,CANAL WINCHESTER,FAMILY DOLLAR STORES OF OHIO LLC,6480 WINCHESTER PIKE,12,1,0,0,0,0,16,10,1,
PR0039518,SPEEDWAY 1204,CANAL WINCHESTER,SPEEDWAY LLC,6399 REFUGEE RD,12,3,2,0,1,0,2,1,0,
PR0039546,SPEEDWAY 9165,COLUMBUS,SPEEDWAY LLC,3233 REFUGEE RD,12,4,1,0,0,0,17,1,1,
PR0039392,LOUIE'S DRIVE THRU,COLUMBUS,3896 RR INC,3896 REFUGEE RD,12,1,0,0,0,0,8,10,0,
PR0039253,EASTLAND SHELL,COLUMBUS,BOB MARSHALL ENTERPRISES INC,2191 S HAMILTON RD,12,3,1,0,0,0,9,1,0,
PR0039227,DOLLAR GENERAL #8184,COLUMBUS,DOLGEN MIDWEST LLC/OB,4245 MACSWAY AVE,12,5,1,0,0,0,10,1,0,
PR0039106,BEER FRAME CARRYOUT,COLUMBUS,2676 COURTWRIGHT INC,2676 COURTRIGHT RD,12,5,0,0,0,0,35,1,1,
PR0055428,WEST BROAD SHELL/OB,COLUMBUS,AGG PETROLEUM LLC,1000 W BROAD ST,13,4,0,0,0,0,11,1,0,
PR0054662,POWER FLOWER,COLUMBUS,VERGE ESTATE GROUP LLC,958 W BROAD ST,13,3,0,0,0,0,26,1,1,
PR0054558,TOBACO SHOP DRIVE THRU,COLUMBUS,FAISAL LLC,1500 W BROAD ST,13,5,1,0,0,1,20,1,0,
PR0053571,RIDI PETROLEUM,COLUMBUS,RIDI PETROLEUM LLC,1401 SULLIVANT AVE,13,1,0,0,0,0,17,10,1,
PR0053532,FOOD MART,COLUMBUS,GILL STALLION CORP,1536 W BROAD ST,13,3,2,1,1,0,14,6,1,
PR0052923,SUNOCO,COLUMBUS,GALUWALL INC,726 W BROAD ST,13,1,0,0,0,0,35,10,1,
PR0052367,WEST BROAD CARRY OUT,COLUMBUS,WEST BROAD MART LLC,1485 W BROAD ST,13,1,0,0,0,0,19,10,1,
PR0051992,SAM'S FOOD SHOP,COLUMBUS,SULLIVANT FAST MART INC,981 SULLIVANT AVE,13,2,0,0,0,0,6,5,0,
PR0051894,SALLY'S MARKET,COLUMBUS,740 SULLIVANT AVE LLC,740 SULLIVANT AVE,13,5,1,0,0,1,27,1,0,
PR0051674,SAVE WAY MARKET,COLUMBUS,NAEEM MART LLC,1370 SULLIVANT AVE,13,1,0,0,0,0,1,10,0,
PR0049914,BROAD AND PRINCETON MARKET,COLUMBUS,1306 W BROAD LLC,1306 W BROAD ST,13,2,0,0,0,0,28,5,1,
PR0049244,FRANKLINTON MARKET,COLUMBUS,FRANKLINTON MARKET LLC,439 W RICH ST,13,4,1,0,0,0,23,1,1,
PR0047559,HERBERT MARKET,COLUMBUS,HERBERT EXPRESS MARKET INC,1121 SULLIVANT AVE,13,5,2,1,1,0,9,6,0,
PR0047527,VANS CARRYOUT,COLUMBUS,IBRAHIM IKHMAYES,1270 W TOWN ST,13,1,1,1,0,0,5,15,0,
PR0046213,DOWNTOWN MOBIL,COLUMBUS,215 RICH INC,215 E RICH ST,13,4,1,0,0,0,9,1,0,
PR0045798,DOLLAR GENERAL STORE #21592,COLUMBUS,DOLGEN MIDWEST LLC/OB,166 S HIGH ST,13,1,0,0,0,0,10,10,0,
PR0045470,UNITED DAIRY FARMERS #646,COLUMBUS,UDF LIMITED PARTNERSHIP II,1043 W BROAD ST,13,3,1,0,0,0,28,1,1,
PR0044857,DOLLAR GENERAL STORE #20240,COLUMBUS,DOLGEN MIDWEST LLC/OB,1350 W BROAD ST,13,4,0,0,0,0,16,1,1,
PR0040769,ARENA WINE AND SPIRITS,COLUMBUS,ARENA LIQUORS LLC,492 ARMSTRONG ST,13,4,1,0,0,1,4,1,0,
PR0040102,NELSON CONVENIENCE STORE,COLUMBUS,MAHARAJ SWAMI LLC,155 NATIONWIDE BLVD STE 115,13,2,0,0,0,0,23,5,1,
PR0039835,SMOKE OUTLET,COLUMBUS,1019 WEST BROAD STREET INC,1019 W BROAD ST,13,0,0,0,0,0,0,20,1,
PR0039857,GLEASON MARKET,COLUMBUS,GLEASON MARKET INC,1004 W RICH ST,13,3,0,0,0,0,27,1,1,
PR0039370,FAMILY DOLLAR STORE #27108,COLUMBUS,FAMILY DOLLAR STORES OF OHIO LLC,1159 W BROAD ST,13,3,0,0,0,0,1,1,0,
PR0039238,CERTIFIED GAS STATION #004,COLUMBUS,CERTIFIED OIL CORPORATION,74 W MOUND ST,13,4,1,0,0,0,24,1,1,
PR0055439,BRONZEVILLE DRIVE THRU,COLUMBUS,BRONZEVILLE DRIVE THRU LLC,1232 MT VERNON AVE,13,5,1,0,0,0,34,1,1,
PR0053760,WAHBI EXPRESS,COLUMBUS,WAHBI EXPRESS INC,436 N CHAMPION AVE,13,5,3,1,1,0,10,6,0,
PR0053466,FIVE BROTHERS MARKET,COLUMBUS,FIVE BROTHERS FOODS LLC,1230 E LONG ST,13,3,2,0,0,1,19,1,0,
PR0052747,KING LINCOLN DRIVE THRU,COLUMBUS,KING LINCOLN DRIVE THRU LLC,1232 MT VERNON AVE,13,5,0,0,0,0,31,1,1,
PR0051995,WHEATLAND FOOD MART,COLUMBUS,OMAR FOOD MART LLC,1432 MT VERNON AVE,13,5,1,0,0,0,29,1,1,
PR0041912,PLAZA FOOD,COLUMBUS,MT VERNON CONVENIENT MART INC,1050 MT VERNON AVE,13,2,0,0,0,0,34,5,1,
PR0040165,DOLLAR PLUS,COLUMBUS,DOLLAR PLUS INC,993 MT VERNON AVE,13,3,0,0,0,0,27,1,1,
PR0040046,ALCASTLE INC,COLUMBUS,ALCASTLE INC,506 ST CLAIR AVE,13,1,0,0,0,0,21,10,1,
PR0039612,TURKEY HILL MINIT MARKET #706,COLUMBUS,TH MIDWEST INC,1880 E BROAD ST,13,4,2,1,0,0,22,6,0,
PR0039670,RAMA  FOODMART & DELI,COLUMBUS,RAMA FOOD & DELI INC,334 N 20TH ST,13,0,0,0,0,0,0,20,1,
PR0055437,MOUND STREET SUNOCO,COLUMBUS,1 MOUND STREET LLC,1102 W MOUND ST,13,4,0,0,0,0,16,1,1,
PR0054302,BUSTOWN FLOWER CO,COLUMBUS,BUSTOWN FLOWER CO LLC,1747 PARSONS AVE,13,2,1,0,0,0,11,5,0,
PR0054049,PLANET 7 SMOKE SHOP,COLUMBUS,PLANET 7 SMOKE SHOP LLC,1721 S HIGH ST,13,5,2,0,1,1,27,1,0,
PR0054018,K & K MART LLC,COLUMBUS,K & K MART LLC,620 HARRISBURG PIKE,13,0,0,0,0,0,0,20,1,
PR0053734,DOLLAR GENERAL #6024,COLUMBUS,DOLGEN MIDWEST LLC/OB,1162 HARRISBURG PIKE,13,4,2,0,0,0,20,1,0,
PR0049568,SHOBIS MARKET,COLUMBUS,LEAH 1650 INC,1650 PARSONS AVE,13,2,0,0,0,0,34,5,1,
PR0047622,SUNOCO,COLUMBUS,SUBHAN 786 INC,1690 S HIGH ST,13,3,0,0,0,0,20,1,1,
PR0047338,SUNOCO,COLUMBUS,HARMON AVE SUNOCO INC,1010 HARMON AVE,13,3,0,0,0,0,25,1,1,
PR0046052,GOPUFF,COLUMBUS,GB LICENSE LLC,1260 W MOUND ST,13,5,2,0,1,1,10,1,0,
PR0041657,HONEY BEE DRIVE THRU,COLUMBUS,INCEPT 729 INC,1600 S HIGH ST,13,3,0,0,0,0,30,1,1,
PR0041188,PARSONS EXPRESS,COLUMBUS,AMIN ZAGHLOL INC,1526 PARSONS AVE,13,2,0,0,0,0,27,5,1,
PR0040960,CERTIFIED #038,COLUMBUS,CERTIFIED OIL CORPORATION,1270 HARMON AVE,13,1,1,1,0,1,16,15,0,
PR0040771,CENTRAL POINT LIQUOR,COLUMBUS,CENTRAL POINT LIQUOR AGENCY INC,689 HARRISBURG PIKE,13,3,1,0,0,0,4,1,0,
PR0039730,SMOKE OUTLET,COLUMBUS,TASNEEM INC,1635 PARSONS AVE,13,3,1,0,0,0,8,1,0,
PR0039502,FAMILY DOLLAR STORE  #21304,COLUMBUS,FAMILY DOLLAR STORES OF OHIO LLC,629 HARRISBURG PIKE,13,3,0,0,0,0,5,1,0,
PR0053298,THE SPACE STATION SMOKE SHOP,COLUMBUS,THE SPACE STATION SMOKE SHOP LLC,773 PARSONS AVE,14,3,1,0,0,0,21,1,1,
PR0040169,KROGER #569,COLUMBUS,KROGER CO,150 W SYCAMORE ST,14,2,1,1,0,0,8,10,0,
PR0039545,TRUE NORTH STORE #612,COLUMBUS,TRUE NORTH ENERGY LLC,631 S HIGH ST,14,5,0,0,0,0,35,1,1,
PR0055364,PICK & GO,COLUMBUS,805 E MAIN FOOD INC,805 E MAIN ST,14,4,0,0,0,0,33,1,1,
PR0054680,WILSON MARKET,COLUMBUS,MOE HUSAIN LLC,179 WILSON AVE,14,0,0,0,0,0,0,20,1,
PR0054602,DAY MART,COLUMBUS,DAYMART LLC,981 E LIVINGSTON AVE,14,2,0,0,0,0,3,5,0,
PR0054026,PLANET PUFF,COLUMBUS,PLANET PUFF LLC,383 WILSON AVE,14,1,0,0,0,0,21,10,1,
PR0053649,BUS TOWN FLOWER COMPANY,COLUMBUS,BUSTOWN FLOWER COMPANY LLC,893 E MAIN ST,14,2,0,0,0,0,14,5,1,
PR0053610,FARIS GROCERY,COLUMBUS,FARIS GROCERY INC,1615 E MAIN ST,14,2,0,0,0,0,32,5,1,
PR0052301,BEVERAGE WAREHOUSE,COLUMBUS,1848 MAIN ST DRIVE THRU INC,1848 E MAIN ST,14,2,0,0,0,0,23,5,1,
PR0046801,BEXLEY LIQUOR AGENCY,COLUMBUS,JAI VIGNESHWARA LLC,2173-77 E LIVINGSTON AVE,14,3,1,0,0,1,13,1,0,
PR0045643,FAMILY CARRYOUT,COLUMBUS,YSA MINI MART INC,940 E LIVINGSTON AVE,14,4,3,1,1,0,22,6,0,
PR0041658,JAYS DRIVE THRU,COLUMBUS,ST PARSONS LLC,766 PARSONS AVE,14,1,0,0,0,0,2,10,0,
PR0040752,HEADIES HIDEOUT,COLUMBUS,JBK VENTURES INC,114 PARSONS AVE,14,1,1,1,0,0,13,15,0,
PR0040439,KROGER FUEL CENTER #315,COLUMBUS,KROGER CO,2000 E MAIN ST,14,3,0,0,0,0,34,1,1,
PR0039854,M & R WINE SHOP,COLUMBUS,M & R WINE SHOP INC,1553 E MAIN ST,14,1,0,0,0,0,29,10,1,
PR0039749,MOBILE MART,COLUMBUS,KHURRAM LLC,830 PARSONS AVE,14,3,0,0,0,0,16,1,1,
PR0039596,KROGER #315,COLUMBUS,KROGER CO,2000 E MAIN ST,14,1,1,1,0,0,35,15,1,
PR0039442,DUCHESS E BROAD ST #1619,COLUMBUS,ENGLEFIELD INC,825 E BROAD ST,14,0,0,0,0,0,0,20,1,
PR0039368,FAMILY DOLLAR #31024,COLUMBUS,FAMILY DOLLAR STORES OF OHIO LLC,1092 E MAIN ST,14,5,0,0,0,0,16,1,1,
PR0039159,DOLLAR GENERAL #14153,COLUMBUS,DOLGEN MIDWEST LLC/OB,1391 E MAIN ST,14,5,2,1,0,1,15,6,0,
PR0039111,CORNER STONE CRAFT BEER & WINE,COLUMBUS,61 PARSONS LLC,61 PARSONS AVE,14,1,1,1,0,0,30,15,1,
PR0054840,OUT OF THIS WORLD FLOWER COMPANY,COLUMBUS,OUT OF THIS WORLD FLOWER COMPANY LLC,1505 FREBIS AVE UNIT A,14,5,3,1,1,0,5,6,0,
PR0054078,LOCKBOURNE SMOKE SHOP,COLUMBUS,MUHAMED MART LLC,1730 LOCKBOURNE RD,14,1,1,1,0,1,1,15,0,
PR0053929,STAR MART,COLUMBUS,STAR MART INC,1910 LOCKBOURNE RD,14,0,0,0,0,0,0,20,1,
PR0053523,LOCKBOURNE FAST MART,COLUMBUS,LOCKBOURNE FAST MART INC,1333 LOCKBOURNE RD,14,2,1,0,0,0,33,5,1,
PR0051993,LOCKBOURNE MART,COLUMBUS,LOCKBOURNE MARKET INC,1119 LOCKBOURNE RD,14,2,1,0,0,0,9,5,0,
PR0051553,LIVINGSTON SHELL,COLUMBUS,1937 S LIVINGSTON INC,1937 E LIVINGSTON AVE,14,3,0,0,0,0,5,1,0,
PR0051550,SPEEDY MART,COLUMBUS,FREBIS EXPRESS MART INC,1475 S CHAMPION AVE,14,3,0,0,0,0,22,1,1,
PR0051516,LOCKBOURNE MOBIL,COLUMBUS,1509 LOCKBOURNE LLC,1509 LOCKBOURNE RD,14,5,0,0,0,0,28,1,1,
PR0051193,QUICK AND COLD DRIVE THRU,COLUMBUS,1550 LOCKBOURNE DRIVE THRU INC,1550 LOCKBOURNE RD,14,1,0,0,0,0,16,10,1,
PR0050825,ALUM CREEK SUNOCO,COLUMBUS,ALUM CREEK OIL LLC,1535 ALUM CREEK DR,14,2,0,0,0,0,14,5,1,
PR0049913,ALUM CREEK MARATHON,COLUMBUS,ALUM CREEK PETROLEUM LLC,995 ALUM CREEK DR,14,1,1,1,0,0,23,15,1,
PR0048488,KIMS MARKET 1ST FLOOR ONLY,COLUMBUS,RAYAN MARKET INC,1327 E LIVINGSTON AVE,14,2,1,0,0,0,9,5,0,
PR0048074,FAMILY DRIVE THRU,COLUMBUS,FAMILY DRIVE THRU CORP,1535 E LIVINGSTON AVE,14,5,0,0,0,0,15,1,1,
PR0047831,WILSON MARKET,COLUMBUS,1081 WHITTIER INC,1081 E WHITTIER ST,14,0,0,0,0,0,0,20,1,
PR0046783,EXPRESS DRIVE THRU,COLUMBUS,ANT-  LOCKBOURNE LLC,1925 LOCKBOURNE RD,14,1,0,0,0,0,26,10,1,
PR0045666,CRUZ & BOOZE DRIVE THRU,COLUMBUS,LAHORE MALWANA INC,1511 FREBIS AVE,14,1,0,0,0,0,6,10,0,
PR0045653,LOCKBOURNE SUNOCO,COLUMBUS,SIRIN MART INC,1711 LOCKBOURNE RD,14,0,0,0,0,0,0,20,1,
PR0043120,LION'S DEN - BEXLEY RETAIL 47 LLC,COLUMBUS,BEXLEY RETAIL 47 LLC,1144 ALUM CREEK DR,14,2,0,0,0,0,4,5,0,
PR0039728,LIVINGSTON MARKET,COLUMBUS,SAOOD INC,1619 E LIVINGSTON AVE,14,5,1,0,0,1,25,1,0,
PR0039676,STOP-N-SHOP MARKET,COLUMBUS,"TAHA STORE, INC",1858 LOCKBOURNE RD,14,3,1,0,0,1,27,1,0,
PR0039465,FAMILY DOLLAR STORE #20973,COLUMBUS,FAMILY DOLLAR STORES OF OHIO LLC,2052 LOCKBOURNE RD,14,1,0,0,0,0,34,10,1,
PR0039369,J & N CARRYOUT,COLUMBUS,SOUTHEAST FOOD MARKET INC,1541 E WHITTIER ST,14,1,0,0,0,0,9,10,0,
PR0039400,FAMILY DOLLAR STORE #26750,COLUMBUS,FAMILY DOLLAR STORES OF OHIO LLC,1600 LOCKBOURNE RD,14,1,0,0,0,0,22,10,1,
PR0039243,CERTIFIED OIL #235,COLUMBUS,CERTIFIED OIL CORPORATION,1950 LOCKBOURNE RD,14,5,0,0,0,0,35,1,1,
PR0039165,DOLLAR GENERAL #13063,COLUMBUS,DOLGEN MIDWEST LLC/OB,2012 LOCKBOURNE RD,14,3,0,0,0,0,15,1,1,
PR0039202,CONVENIENT PLUS FOOD MART,COLUMBUS,MONI & SAMI LLC,1475 E LIVINGSTON AVE,14,5,1,0,0,0,14,1,1,
PR0039204,CONVENIENT PLUS FOOD MART,COLUMBUS,S EMAN INC,1541 FREBIS AVE,14,1,0,0,0,0,13,10,0,
PR0055518,BUSHMAN MARKETS,COLUMBUS,1145 MARKET LLC,1145 PARSONS AVE,14,5,1,0,0,0,33,1,1,
PR0051998,JHORNZ ENTERTAINMENT STUDIOS,COLUMBUS,JHORNZ ENTERTAINMENT STUDIOS LLC,1142 S HIGH ST,14,3,2,0,0,1,19,1,0,
PR0048297,BEER DOCK,COLUMBUS,FREBIS BLACK IRIS INC,414 FREBIS AVE,14,4,2,0,0,0,29,1,0,
PR0048058,VILLAGE CIGARS,COLUMBUS,VILLAGE CIGARS CORPORATION,1044 S HIGH ST,14,5,2,0,1,0,13,1,0,
PR0046958,STRAIGHT UP SMOKE SHOP & FOOD MART,COLUMBUS,STRAIGHT UP FOOD MART LLC,1290 S HIGH ST,14,2,1,1,0,0,9,10,0,
PR0044853,SHATTER HOUSE,COLUMBUS,BRADLEY GREGORY,1216 PARSONS AVE,14,5,1,0,0,0,2,1,0,
PR0040453,KROGER FUEL CENTER #893,COLUMBUS,KROGER CO,1415 PARSONS AVE,14,2,1,1,0,0,15,10,1,
PR0039583,KROGER #893,COLUMBUS,KROGER CO,1441 PARSONS AVE,14,4,1,0,0,0,25,1,1,
PR0039423,PARSONS MARATHON,COLUMBUS,K K SUNOCO INC,959 PARSONS AVE,14,3,1,0,0,0,21,1,1,
PR0039563,SPEEDWAY 9751,COLUMBUS,SPEEDWAY LLC,1165 S HIGH ST,14,4,2,0,0,0,29,1,0,
PR0039267,DUCHESS HIGH & GREENLAWN #1615,COLUMBUS,ENGLEFIELD INC,1091 S HIGH ST,14,5,1,0,0,0,30,1,1,
,,,,,,,,,,,,,,
,,,,,,,,,,,,,,
,,,,,,,,,,,,,,
