Facility ID,Name,City,Site Address,Work Area,# of Attempts,# of Pos Buys,Most Recent was pos,Had AC,In Appeal,Days Since Last Attempt,Priorty,Can Visit
1,14-0 EXPRESS,COLUMBUS,355 E HUDSON ST,8,3,1,0,0,0,23,1,1
2,154 HAGUE FOOD MART,COLUMBUS,154 N HAGUE AVE,10,3,0,0,0,0,26,1,1
3,3 C FOOD MART,COLUMBUS,3725 KARL RD,6,4,0,0,0,0,3,1,0
4,3 C PLUS FOOD MART,COLUMBUS,1790 MORSE RD,4,1,1,1,0,0,17,15,1
5,3C FOOD MART,COLUMBUS,4436 WESTERVILLE RD,3,2,0,0,0,0,7,5,0
6,3-C FOOD MART,DUBLIN,5825 SAWMILL RD,2,1,0,0,0,0,10,10,0
7,4430 REFUGEE RD INC,COLUMBUS,4430 REFUGEE RD,12,0,0,0,0,0,0,20,1
8,5TH AVENUE EXXON,COLUMBUS,693 E 5TH AVE,9,4,3,1,1,0,3,6,0
9,99 CENTS STORE PLUS BEAUTY DISCOUNT,COLUMBUS,1218 S JAMES RD,11,1,0,0,0,0,34,10,1
10,A & A MINI MART,COLUMBUS,445 E 17TH AVE,8,5,1,0,0,0,21,1,1
11,A & B MARKET,COLUMBUS,5440 E LIVINGSTON AVE,11,2,0,0,0,0,15,5,1
12,A & M CARRYOUT,COLUMBUS,2990 E 5TH AVE,11,5,2,0,1,1,26,1,0
13,A AND N MARKET,COLUMBUS,744 E HUDSON ST,6,1,1,1,0,0,7,15,0
14,ABC LIQUOR,COLUMBUS,1571 E DUBLIN GRANVILLE RD,4,4,0,0,0,0,2,1,0
15,AFICIONADO'S,LEWIS CENTER,8909 S OLD STATE RD,1,0,0,0,0,0,0,20,1
16,AGLER FOOD MART,COLUMBUS,2043 AGLER RD,6,1,0,0,0,0,29,10,1
17,AIRPORT DUCHESS #1250,COLUMBUS,4455 E 5TH AVE,11,1,0,0,0,0,6,10,0
18,ALCASTLE INC,COLUMBUS,506 ST CLAIR AVE,13,1,0,0,0,0,21,10,1
19,ALE & ICE,POWELL,8751 SMOKY ROW RD,1,1,0,0,0,0,14,10,1
20,ALEX MARKET,COLUMBUS,2991 SULLIVANT AVE,10,4,2,0,1,0,18,1,1
21,ALFAA MART,COLUMBUS,3200 S HIGH ST,12,1,1,1,0,0,8,15,0
22,ALI GUL MARKET,COLUMBUS,1905 CLEVELAND AVE,9,3,0,0,0,0,27,1,1
23,ALKIRE MARATHON,GALLOWAY,5600 ALKIRE RD,11,1,0,0,0,0,27,10,1
24,ALUM CREEK MARATHON,COLUMBUS,995 ALUM CREEK DR,14,1,1,1,0,0,23,15,1
25,ALUM CREEK SUNOCO,COLUMBUS,1535 ALUM CREEK DR,14,2,0,0,0,0,14,5,1
26,AMBLE MART,COLUMBUS,6188 AMBLESIDE DR,3,4,1,0,0,0,19,1,1
27,AMERICAN EAGLE DISCOUNT,COLUMBUS,1485 SUNBURY RD STE B,9,1,0,0,0,0,28,10,1
28,ARABIAN MARKET,COLUMBUS,1910 HARD RD,1,4,0,0,0,0,23,1,1
29,ARENA WINE AND SPIRITS,COLUMBUS,492 ARMSTRONG ST,13,4,1,0,0,1,4,1,0
30,ASWAQ BALADNA,COLUMBUS,2487 E DUBLIN GRANVILLE RD,4,1,0,0,0,0,2,10,0
31,AU MARKET,COLUMBUS,2281 SULLIVANT AVE,10,5,1,0,0,1,8,1,0
32,B & M MARKET 2,COLUMBUS,2552 LOCKBOURNE RD,12,1,0,0,0,0,20,10,1
33,BARLEY BIN OF DUBLIN,DUBLIN,5931 KARRIC SQUARE DR,5,3,2,0,0,0,26,1,0
34,BEDS 'N' STUFF,COLUMBUS,2194 N HIGH ST,8,4,0,0,0,0,2,1,0
35,BEDS 'N' STUFF,COLUMBUS,2230 MORSE RD,4,2,1,0,0,0,10,5,0
36,BEDS 'N' STUFF,COLUMBUS,5846 COLUMBUS SQ,3,3,1,0,0,1,2,1,0
37,BEDS 'N' STUFF SUPERSTORE,COLUMBUS,3592 SOLDANO BLVD,10,3,0,0,0,0,34,1,1
38,BEDS 'N' STUFF SUPERSTORE,LEWIS CENTER,720 POLARIS PKWY,1,4,1,0,0,1,7,1,0
39,BEECHWOOD MARKET,COLUMBUS,3796 E LIVINGSTON AVE,11,1,0,0,0,0,16,10,1
40,BEER 4 LESS,COLUMBUS,1255 MORSE RD,6,3,1,0,0,0,1,1,0
41,BEER DOCK,COLUMBUS,414 FREBIS AVE,14,4,2,0,0,0,29,1,0
42,BEER FRAME CARRYOUT,COLUMBUS,2676 COURTRIGHT RD,12,5,0,0,0,0,35,1,1
43,BEER ZONE,COLUMBUS,4658 KENNY RD,3,4,1,0,0,1,12,1,0
44,BELL STORES #123,COLUMBUS,7200 SAWMILL RD,1,1,0,0,0,0,5,10,0
45,BELVIDERE FAST MART 1ST FLOOR & BASEMENT,COLUMBUS,126 BELVIDERE AVE,10,2,0,0,0,0,25,5,1
46,BERRY SUPPLIES LTD,COLUMBUS,1889 SULLIVANT AVE,10,3,1,0,0,1,23,1,0
47,BEST BUDZ THREE SMOKE SHOP,COLUMBUS,7424 SAWMILL RD,1,5,0,0,0,0,27,1,1
48,BEST MARKET & DRIVE THRU,COLUMBUS,2844 E 5TH AVE,11,1,1,1,0,0,10,15,0
49,BEVERAGE DOCK,GROVE CITY,2330 HARRISBURG PIKE,11,4,2,0,0,0,15,1,0
50,BEVERAGE WAREHOUSE,COLUMBUS,1848 E MAIN ST,14,2,0,0,0,0,23,5,1
51,BEVERAGE WAREHOUSE,COLUMBUS,847 E 11TH AVE,9,2,1,0,0,0,12,5,0
52,BEXLEY LIQUOR AGENCY,COLUMBUS,2173-77 E LIVINGSTON AVE,14,3,1,0,0,1,13,1,0
53,BG'S  CARRYOUT,COLUMBUS,920 E WEBER RD,6,5,0,0,0,0,12,1,0
54,BIG R,COLUMBUS,3420 BEXVIE AVE # C,11,4,1,0,0,1,21,1,0
55,BISTA BROTHERS ASIAN GROCERY,COLUMBUS,4625 MAIZE RD,6,5,2,0,0,0,20,1,0
56,BOULEVARD CARRY OUT,COLUMBUS,1288-90 W 3RD AVE,8,0,0,0,0,0,0,20,1
57,BP,COLUMBUS,4569 S HIGH ST,12,3,0,0,0,0,7,1,0
58,BP OIL,COLUMBUS,1950 E 17TH AVE,9,5,1,0,0,1,26,1,0
59,BREW HOUSE EXPRESS DRIVE THRU,COLUMBUS,5311 SINCLAIR RD,4,5,2,1,0,0,1,6,0
60,BRICE PARK SMOKE SHOP AND CARRYOUT,COLUMBUS,6351 TUSSING RD,7,5,0,0,0,0,11,1,0
61,BRIGGS MART,COLUMBUS,2774 BRIGGS RD,10,0,0,0,0,0,0,20,1
62,BRIGGS STOP MART,COLUMBUS,3452 BRIGGS RD,10,4,2,0,0,0,26,1,0
63,BROAD & HAGUE MARATHON,COLUMBUS,2805 W BROAD ST,10,3,2,0,1,0,31,1,1
64,BROAD AND PRINCETON MARKET,COLUMBUS,1306 W BROAD ST,13,2,0,0,0,0,28,5,1
65,BRONZEVILLE DRIVE THRU,COLUMBUS,1232 MT VERNON AVE,13,5,1,0,0,0,34,1,1
66,BROOKSHIRE FOODLINER,COLUMBUS,2781 EAKIN RD,10,3,0,0,0,0,21,1,1
67,BROTHERS MARKET,COLUMBUS,1971 DOREN AVE,10,4,1,0,0,0,6,1,0
68,BUCKEYE ONE STOP SHOP,COLUMBUS,2222 SUMMIT ST,8,4,0,0,0,0,29,1,1
69,BUCKEYE SUPER MARKET,COLUMBUS,3201 SULLIVANT AVE,10,1,0,0,0,0,6,10,0
70,BUCKEYE WINE & SPIRITS,COLUMBUS,506-510 ACKERMAN RD,5,2,0,0,0,0,13,5,0
71,BUCKS SMOKE SHOP,HILLIARD,5051 ROBERTS RD,5,3,1,0,0,0,8,1,0
72,BULLDOG'S BEER WINE BREW THRU,COLUMBUS,987 WORTHINGTON WOODS LOOP RD,2,3,0,0,0,0,7,1,0
73,BUS TOWN FLOWER COMPANY,COLUMBUS,893 E MAIN ST,14,2,0,0,0,0,14,5,1
74,BUSHMAN MARKETS,COLUMBUS,1145 PARSONS AVE,14,5,1,0,0,0,33,1,1
75,BUSTOWN FLOWER CO,COLUMBUS,1747 PARSONS AVE,13,2,1,0,0,0,11,5,0
76,CANAL WINCHESTER SHELL,COLUMBUS,3480 GENDER RD,12,3,1,0,0,1,4,1,0
77,CANNA CABANA 614,COLUMBUS,2737 SULLIVANT AVE,10,3,1,0,0,0,33,1,1
78,CARTEL PALACE,COLUMBUS,1127 N HIGH ST,9,4,1,0,0,0,14,1,1
79,CASABLANCA CAFE AND HOOKAH BAR,COLUMBUS,19-21 E DUNCAN ST,8,4,0,0,0,0,21,1,1
80,CASSADY MARKET,COLUMBUS,2466 N CASSADY AVE,7,3,2,0,1,0,12,1,0
81,CENTRAL POINT LIQUOR,COLUMBUS,689 HARRISBURG PIKE,13,3,1,0,0,0,4,1,0
82,CERTIFIED #038,COLUMBUS,1270 HARMON AVE,13,1,1,1,0,1,16,15,0
83,CERTIFIED GAS STATION #004,COLUMBUS,74 W MOUND ST,13,4,1,0,0,0,24,1,1
84,CERTIFIED OIL #219,COLUMBUS,1081 FRANK RD,11,2,0,0,0,0,14,5,1
85,CERTIFIED OIL #235,COLUMBUS,1950 LOCKBOURNE RD,14,5,0,0,0,0,35,1,1
86,CERTIFIED OIL #354,COLUMBUS,2483 PARSONS AVE,12,2,0,0,0,0,9,5,0
87,CERTIFIED OIL #388,COLUMBUS,3204 W BROAD ST,10,5,2,0,0,0,10,1,0
88,CERTIFIED OIL #485,GALLOWAY,4580 ALKIRE RD,11,4,2,0,0,1,9,1,0
89,CERTIFIED OIL #488,COLUMBUS,1401 BETHEL RD,2,2,0,0,0,0,30,5,1
90,CERTIFIED OIL #489,COLUMBUS,856-858 FRANK RD,11,5,0,0,0,0,14,1,1
91,CERTIFIED OIL *490,COLUMBUS,2025 IKEA WY,2,3,1,0,0,0,9,1,0
92,CERTIFIED OIL CORPORATION #491,COLUMBUS,5991 S HIGH ST,12,1,0,0,0,0,6,10,0
93,CHAMPS MARKET,COLUMBUS,219 W 8TH AVE,9,3,0,0,0,0,21,1,1
94,CHATEAU WINE & SPIRITS,COLUMBUS,2131 POLARIS PKWY,2,5,0,0,0,0,26,1,1
95,CHAUDHARY MART (SUNOCO),COLUMBUS,4251 KIMBERLY PKWY,12,2,0,0,0,0,33,5,1
96,CHEEMA MAIN ST MART,COLUMBUS,3140 E MAIN ST,11,4,0,0,0,0,21,1,1
97,CHUCK'S CARRY OUT,COLUMBUS,3140 ALLEGHENY AVE,11,4,0,0,0,0,11,1,0
98,CIRCLE A,COLUMBUS,4432 WALFORD ST,6,2,0,0,0,0,12,5,0
99,CIRCLE DRIVE THRU,COLUMBUS,1848 TAMARACK CIR S,4,1,0,0,0,0,16,10,1
100,CIRCLE K  #4705265,WESTERVILLE,8303 SANCUS BLVD,1,3,3,1,1,1,3,6,0
101,CIRCLE K  #4705267,COLUMBUS,1573 SCHROCK RD,2,2,0,0,0,0,4,5,0
102,CIRCLE K #4705268,COLUMBUS,5499 HALL RD,11,1,0,0,0,0,23,10,1
103,CIRCLE K #4705269,COLUMBUS,3749 TWIN CREEKS DR,8,3,0,0,0,0,8,1,0
104,CIRCLE K #4705686,COLUMBUS,2481 PETZINGER RD,12,3,0,0,0,0,33,1,1
105,CIRCLE K #4705698,COLUMBUS,1574 KENNY RD,8,2,1,0,0,0,35,5,1
106,CIRCLE MART,COLUMBUS,1876 TAMARACK CIR S,4,3,0,0,0,0,14,1,1
107,CIRCLE SMOKE SHOP,COLUMBUS,1852 TAMARACK CIR S,4,1,1,0,0,0,1,10,0
108,CIRCLE V FOOD,COLUMBUS,2124 W MOUND ST,10,2,0,0,0,0,34,5,1
109,CLOUD NINE,COLUMBUS,2151 E DUBLIN GRANVILLE RD UNIT C,4,4,1,0,0,1,10,1,0
110,COLLEGE CENTRAL PETROLEUM,WESTERVILLE,6809 N HAMILTON RD,4,3,0,0,0,0,28,1,1
111,COME AND GO CENTER,COLUMBUS,884 OAKLAND PARK AVE,6,3,0,0,0,0,13,1,0
112,CONVENIENT PLUS FOOD MART,COLUMBUS,1475 E LIVINGSTON AVE,14,5,1,0,0,0,14,1,1
113,CONVENIENT PLUS FOOD MART,COLUMBUS,1541 FREBIS AVE,14,1,0,0,0,0,13,10,0
114,CONVENIENT PLUS FOOD MART,COLUMBUS,3351 E MAIN ST,11,1,0,0,0,0,30,10,1
115,CONVENIENT PLUS FOOD MART,COLUMBUS,5435 E LIVINGSTON AVE,11,1,0,0,0,0,27,10,1
116,CORNER STONE CRAFT BEER & WINE,COLUMBUS,61 PARSONS AVE,14,1,1,1,0,0,30,15,1
117,COUNTRY FOOD STORE,COLUMBUS,3861 SULLIVANT AVE,10,5,2,0,1,0,30,1,1
118,CROWN SMOKE AND CELL,CANAL WINCHESTER,3544 GENDER RD,12,4,1,0,0,0,29,1,1
119,CROWN TOBACCO AND VAPE,COLUMBUS,2750 S HAMILTON RD,12,3,0,0,0,0,2,1,0
120,CRUZ & BOOZE DRIVE THRU,COLUMBUS,1511 FREBIS AVE,14,1,0,0,0,0,6,10,0
121,CULEBRA CIGARS COMPANY,COLUMBUS,1786 W 5TH AVE,8,4,1,0,0,0,35,1,1
122,DAHAB RESTAURANT AND CAFE,HILLIARD,3708 FISHINGER BLVD,5,1,0,0,0,0,20,10,1
123,DAIRY FAMILY,COLUMBUS,184 W 5TH AVE,9,5,0,0,0,0,23,1,1
124,DAIRY LAND EXPRESS,COLUMBUS,2555 PETZINGER RD,12,4,0,0,0,0,24,1,1
125,DARBY SUNOCO,HILLIARD,4537 SCIOTO DARBY RD,5,4,0,0,0,0,13,1,0
126,DARSHAN MART,COLUMBUS,1283 MORSE RD,6,1,1,1,0,0,14,15,1
127,DASHMART,COLUMBUS,1530 GERRARD AVE,8,4,2,0,1,0,10,1,0
128,DAY MART,COLUMBUS,981 E LIVINGSTON AVE,14,2,0,0,0,0,3,5,0
129,DE STORE,CANAL WINCHESTER,5273 GENDER RD,12,1,0,0,0,0,7,10,0
130,DE STORE,COLUMBUS,5593 CHATTERTON RD,12,1,0,0,0,0,16,10,1
131,DEMOREST BEER DOCK,COLUMBUS,1232 DEMOREST RD,11,4,1,1,0,0,23,6,1
132,DEMOREST MARKET,COLUMBUS,1425 DEMOREST RD,11,5,2,0,0,0,3,1,0
133,DOLLAR EXPRESS #19258,COLUMBUS,128 N WILSON RD,10,2,0,0,0,0,2,5,0
134,DOLLAR GENERAL #06035,COLUMBUS,3150 HILLIARD ROME RD,5,5,1,0,0,0,2,1,0
135,DOLLAR GENERAL #10181,COLUMBUS,3636 LOCKBOURNE RD,12,2,0,0,0,0,27,5,1
136,DOLLAR GENERAL #10722,COLUMBUS,3350 CLEVELAND AVE STE 1970,6,3,0,0,0,0,10,1,0
137,DOLLAR GENERAL #10953,COLUMBUS,745 GEORGESVILLE RD,10,3,0,0,0,0,1,1,0
138,DOLLAR GENERAL #11851,COLUMBUS,3000 E BROAD ST,11,0,0,0,0,0,4,20,0
139,DOLLAR GENERAL #12259,COLUMBUS,4050 ALUM CREEK DR,12,0,0,0,0,0,0,20,1
140,DOLLAR GENERAL #12721,COLUMBUS,4932 N HIGH ST,6,2,0,0,0,0,5,5,0
141,DOLLAR GENERAL #13063,COLUMBUS,2012 LOCKBOURNE RD,14,3,0,0,0,0,15,1,1
142,DOLLAR GENERAL #14153,COLUMBUS,1391 E MAIN ST,14,5,2,1,0,1,15,6,0
143,DOLLAR GENERAL #17280,COLUMBUS,1862 HARD RD,1,2,0,0,0,0,26,5,1
144,DOLLAR GENERAL #30929,COLUMBUS,3355 E LIVINGSTON AVE,11,2,1,0,0,1,12,5,0
145,DOLLAR GENERAL #3235,COLUMBUS,1959 MORSE RD,6,2,0,0,0,0,8,5,0
146,DOLLAR GENERAL #3341,COLUMBUS,3221 S HIGH ST,12,3,1,0,0,0,2,1,0
147,DOLLAR GENERAL #6024,COLUMBUS,1162 HARRISBURG PIKE,13,4,2,0,0,0,20,1,0
148,DOLLAR GENERAL #7676,COLUMBUS,1260 DEMOREST RD,11,4,1,0,0,0,35,1,1
149,DOLLAR GENERAL #8184,COLUMBUS,4245 MACSWAY AVE,12,5,1,0,0,0,10,1,0
150,DOLLAR GENERAL #8351,COLUMBUS,1660 E DUBLIN GRANVILLE RD,3,2,0,0,0,0,20,5,1
151,DOLLAR GENERAL #8357,COLUMBUS,1237 MORSE RD,6,1,0,0,0,0,22,10,1
152,DOLLAR GENERAL #8422,COLUMBUS,5680 CLEVELAND AVE,3,4,0,0,0,0,29,1,1
153,DOLLAR GENERAL #9923,COLUMBUS,1130 NORTON RD,11,2,1,0,0,0,25,5,1
154,DOLLAR GENERAL STORE #16681,CANAL WINCHESTER,6335 REFUGEE RD,12,2,0,0,0,0,13,5,0
155,DOLLAR GENERAL STORE #17278,COLUMBUS,5950 E LIVINGSTON AVE,7,3,1,0,0,0,16,1,1
156,DOLLAR GENERAL STORE #17396,COLUMBUS,3561 SULLIVANT AVE,10,5,0,0,0,0,6,1,0
157,DOLLAR GENERAL STORE #20240,COLUMBUS,1350 W BROAD ST,13,4,0,0,0,0,16,1,1
158,DOLLAR GENERAL STORE #20932,COLUMBUS,2556 LOCKBOURNE RD,12,0,0,0,0,0,28,20,1
159,DOLLAR GENERAL STORE #21592,COLUMBUS,166 S HIGH ST,13,1,0,0,0,0,10,10,0
160,DOLLAR GENERAL STORE #22948,COLUMBUS,415 NORTON RD,11,1,0,0,0,0,10,10,0
161,DOLLAR GENERAL STORE #23287,COLUMBUS,1431 CLEVELAND AVE,9,3,0,0,0,0,27,1,1
162,DOLLAR PLUS,COLUMBUS,1975 CLEVELAND AVE,9,5,1,0,0,0,2,1,0
163,DOLLAR PLUS,COLUMBUS,993 MT VERNON AVE,13,3,0,0,0,0,27,1,1
164,DON'S DRIVE THRU,HILLIARD,2618 HILLIARD ROME RD,5,2,0,0,0,0,24,5,1
165,DONS QUICK STOP,COLUMBUS,1724 CLEVELAND AVE,9,1,0,0,0,0,14,10,1
166,DOWNTOWN CONVENIENCE,COLUMBUS,26 N HIGH ST FRONT,10,2,0,0,0,0,14,5,1
167,DOWNTOWN MOBIL,COLUMBUS,215 E RICH ST,13,4,1,0,0,0,9,1,0
168,DREAM EXCLUSIVE,COLUMBUS,2102 CLEVELAND AVE,9,4,1,1,0,0,17,6,1
169,DRIVE N GO DRIVE THRU,COLUMBUS,4827 E MAIN ST,11,4,1,0,0,1,12,1,0
170,DRIVE THRU 1,COLUMBUS,1201 N WILSON RD,8,5,0,0,0,0,16,1,1
171,DRUG MART #65,LEWIS CENTER,8951 S OLD STATE RD,1,5,0,0,0,0,19,1,1
172,DT EXPRESS,COLUMBUS,1131 E HUDSON ST,9,3,2,0,0,0,17,1,0
173,DUCHESS #1610/E  BROAD & NEW ALBANY RD,COLUMBUS,7040 E BROAD ST,7,1,1,1,0,0,32,15,1
174,DUCHESS #1634 EASTON,COLUMBUS,4024 MORSE RD,3,3,1,0,0,0,22,1,1
175,DUCHESS COLUMBUS #1631,COLUMBUS,4835 N HAMILTON RD,4,3,2,1,1,0,30,6,1
176,DUCHESS DUBLIN & GRANDVIEW #1616,COLUMBUS,1090 DUBLIN RD,8,3,1,0,0,0,5,1,0
177,DUCHESS E BROAD ST #1619,COLUMBUS,825 E BROAD ST,14,0,0,0,0,0,0,20,1
178,DUCHESS HIGH & GREENLAWN #1615,COLUMBUS,1091 S HIGH ST,14,5,1,0,0,0,30,1,1
179,DUCHESS I-70 & ROME HILLIARD #1623,COLUMBUS,925 HILLIARD ROME RD,5,0,0,0,0,0,0,20,1
180,DUCHESS I-71 & POLARIS PKWY #1622,COLUMBUS,1925 POLARIS PKWY,2,0,0,0,0,0,0,20,1
181,DUCHESS MORSE RD #1618,COLUMBUS,935 MORSE RD,6,5,2,1,0,0,25,6,0
182,DUCHESS OLENTANGY & 5TH #1612,COLUMBUS,1347 OLENTANGY RIVER RD,8,3,1,0,0,0,26,1,1
183,DUCHESS POLARIS FASHION MALL #1633,COLUMBUS,1060 POLARIS PKWY,1,4,0,0,0,0,18,1,1
184,DUCHESS SHOPPE EAST 5TH AVENUE #1259,COLUMBUS,2365 E 5TH AVE,9,4,0,0,0,0,34,1,1
185,DUCHESS SHOPPE HIGH & HENDERSON #1264,COLUMBUS,4387 N HIGH ST,6,0,0,0,0,0,12,20,0
186,DUCHESS SHOPPE LINWORTH #1271,WORTHINGTON,2230 W DUBLIN GRANVILLE RD,3,3,1,1,0,0,2,6,0
187,DUCHESS SHOPPE OLENTANGY & BETHEL #1267,COLUMBUS,5067 OLENTANGY RIVER RD,3,3,1,0,0,0,30,1,1
188,DUCHESS SHOPPE SANCUS BLVD #1270,WORTHINGTON,7525 SANCUS BLVD,2,5,1,0,0,0,14,1,1
189,DUCHESS SHOPPE WILSON RD #1260,COLUMBUS,850 WILSON RD,10,3,0,0,0,0,13,1,0
190,DUCHESS TUSSING & BRICE #1617,REYNOLDSBURG,6310 TUSSING RD,7,4,1,1,0,0,28,6,1
191,DUCHESS TUTTLE CROSSING #1625,DUBLIN,5099 TUTTLE CROSSING BLV,1,3,0,0,0,0,28,1,1
192,DUCHESS WORTHINGTON #1628,WORTHINGTON,7141 N HIGH ST,3,5,2,1,1,1,13,6,0
193,DUKE/DUCHESS #1626,COLUMBUS,7310 SAWMILL RD,1,4,3,1,1,1,8,6,0
194,E & E MARKET,COLUMBUS,778 E HUDSON ST,6,3,0,0,0,0,21,1,1
195,E & S MARKET,COLUMBUS,1800 E HUDSON ST,6,1,1,1,0,0,31,15,1
196,EAGLE FUEL,COLUMBUS,3851 E LIVINGSTON AVE,11,3,0,0,0,0,14,1,1
197,EAKIN ROAD MARKET,COLUMBUS,2220 EAKIN RD,10,2,1,1,0,1,1,10,0
198,EAST MAIN STREET SMOKESHOP & CARRYOUT,COLUMBUS,2914 E MAIN ST,11,4,1,0,0,1,2,1,0
199,EAST SIDE MARKET,COLUMBUS,2110 LEONARD AVE,9,4,2,0,0,0,31,1,0
200,EASTLAND FOOD MART,COLUMBUS,2213 COURTRIGHT RD,12,4,1,0,0,0,23,1,1
201,EASTLAND SHELL,COLUMBUS,2191 S HAMILTON RD,12,3,1,0,0,0,9,1,0
202,EASTLAND SUNOCO MINI MART,COLUMBUS,2190 S HAMILTON RD,12,3,1,0,0,0,9,1,0
203,EASTON MART,COLUMBUS,4242 MORSE RD,4,4,1,0,0,0,22,1,1
204,EASY MART,COLUMBUS,4366 KARL RD,6,1,0,0,0,0,6,10,0
205,ECKELS MARKET,COLUMBUS,1943 HARD RD,1,0,0,0,0,0,0,20,1
206,EL DORADO GAMING SCIOTO DOWNS - THE TERRACE,COLUMBUS,6000 S HIGH ST,12,4,1,0,0,0,26,1,1
207,EMPORIUM SMOKE SHOP,COLUMBUS,2016 SULLIVANT AVE,10,1,0,0,0,0,27,10,1
208,ERIKA KAY,COLUMBUS,3984 ALUM CREEK DR,12,2,0,0,0,0,30,5,1
209,EV MARKET PLACE,CANAL WINCHESTER,4984-86 GENDER RD,12,3,1,0,0,1,25,1,0
210,EXOTIC PUFF N STUFF,COLUMBUS,1496 BETHEL RD,2,3,1,0,0,0,6,1,0
211,EXPRESS BEVERAGE CENTER,COLUMBUS,348 WILLIAMS RD,12,3,0,0,0,0,7,1,0
212,EXPRESS DRIVE THRU,COLUMBUS,1320 E HUDSON ST,6,3,0,0,0,0,2,1,0
213,EXPRESS DRIVE THRU,COLUMBUS,1925 LOCKBOURNE RD,14,1,0,0,0,0,26,10,1
214,EXPRESS MARKET,COLUMBUS,900 E 5TH AVE,9,2,1,0,0,1,3,5,0
215,F O E 2252,COLUMBUS,3800 WESTERVILLE RD,6,5,3,0,1,0,35,1,0
216,FAMILY CARRYOUT,COLUMBUS,940 E LIVINGSTON AVE,14,4,3,1,1,0,22,6,0
217,FAMILY DOLLAR #28449,REYNOLDSBURG,2746 BRICE RD,7,4,0,0,0,0,13,1,0
218,FAMILY DOLLAR #30064,CANAL WINCHESTER,6480 WINCHESTER PIKE,12,1,0,0,0,0,16,10,1
219,FAMILY DOLLAR #31024,COLUMBUS,1092 E MAIN ST,14,5,0,0,0,0,16,1,1
220,FAMILY DOLLAR #31767,GROVE CITY,2180 HARRISBURG PIKE,11,5,2,0,0,1,1,1,0
221,FAMILY DOLLAR #33958,COLUMBUS,3307 E BROAD ST,11,3,1,0,0,0,6,1,0
222,FAMILY DOLLAR STORE  #21304,COLUMBUS,629 HARRISBURG PIKE,13,3,0,0,0,0,5,1,0
223,FAMILY DOLLAR STORE #20973,COLUMBUS,2052 LOCKBOURNE RD,14,1,0,0,0,0,34,10,1
224,FAMILY DOLLAR STORE #22007,COLUMBUS,3631 SULLIVANT AVE,10,1,1,1,0,0,7,15,0
225,FAMILY DOLLAR STORE #23980,COLUMBUS,2175 EAKIN RD,11,2,0,0,0,0,12,5,0
226,FAMILY DOLLAR STORE #24540,COLUMBUS,937 E DUBLIN GRANVILLE RD,4,3,0,0,0,0,23,1,1
227,FAMILY DOLLAR STORE #24764,COLUMBUS,2485 E DUBLIN GRANVILLE RD,4,3,0,0,0,0,6,1,0
228,FAMILY DOLLAR STORE #25765,COLUMBUS,2777 SULLIVANT AVE,10,5,1,0,0,0,20,1,1
229,FAMILY DOLLAR STORE #26200,COLUMBUS,5061 ROBERTS RD,5,4,1,0,0,1,27,1,0
230,FAMILY DOLLAR STORE #26750,COLUMBUS,1600 LOCKBOURNE RD,14,1,0,0,0,0,22,10,1
231,FAMILY DOLLAR STORE #27108,COLUMBUS,1159 W BROAD ST,13,3,0,0,0,0,1,1,0
232,FAMILY DOLLAR STORE #28375,COLUMBUS,1792 E DUBLIN GRANVILLE RD,3,2,0,0,0,0,18,5,1
233,FAMILY DOLLAR STORE #30095,COLUMBUS,3619 S HAMILTON RD,12,4,1,0,0,1,23,1,0
234,FAMILY DOLLAR STORES #30703,COLUMBUS,1449 OAKLAND PARK AVE,6,2,0,0,0,0,16,5,1
235,FAMILY DOLLAR STORES #32242,COLUMBUS,1541 SCHROCK RD,3,5,1,0,0,1,10,1,0
236,FAMILY DRIVE THRU,COLUMBUS,1535 E LIVINGSTON AVE,14,5,0,0,0,0,15,1,1
237,FARIS GROCERY,COLUMBUS,1615 E MAIN ST,14,2,0,0,0,0,32,5,1
238,FAST MART,COLUMBUS,3495 PARSONS AVE,12,2,2,1,1,0,35,10,1
239,FAST STOP,COLUMBUS,3245 E BROAD ST,11,3,0,0,0,0,16,1,1
240,FIFTH & SUNBURY MARKET,COLUMBUS,2157 E 5TH AVE,9,3,1,0,0,0,5,1,0
241,FINE FAIR FOOD,COLUMBUS,1547 CLEVELAND AVE,9,2,0,0,0,0,30,5,1
242,FINNIGANS DRIVE THRU,REYNOLDSBURG,2679 INDEPENDENCE VILLAGE CTR,7,3,1,0,0,1,21,1,0
243,FIRST TOBACCO DISCOUNTERS,COLUMBUS,5691 EMPORIUM SQ,3,4,1,0,0,0,23,1,1
244,FISHER ROAD BELL STORE #124,COLUMBUS,5501 FISHER RD,5,4,1,0,0,0,35,1,1
245,FIVE BROTHERS MARKET,COLUMBUS,1230 E LONG ST,13,3,2,0,0,1,19,1,0
246,FM MARKET,COLUMBUS,2007 CLEVELAND AVE,9,2,1,0,0,1,13,5,0
247,FOOD MART,COLUMBUS,1536 W BROAD ST,13,3,2,1,1,0,14,6,1
248,FOODMART EXPRESS,COLUMBUS,2714 SULLIVANT AVE,10,3,0,0,0,0,28,1,1
249,FRANKLINTON MARKET,COLUMBUS,439 W RICH ST,13,4,1,0,0,0,23,1,1
250,FRANTZ ROAD MARKET,DUBLIN,5744 FRANTZ RD,5,3,2,1,1,0,2,6,0
251,FYRE FLAME SMOKE SHOP,COLUMBUS,3192 N HIGH ST,6,4,1,0,0,0,22,1,1
252,GALLOWAY WINE AND SPIRITS,GALLOWAY,950 S GALLOWAY RD,11,2,1,0,0,0,15,5,1
253,GAS LITE DRIVE THRU,COLUMBUS,3446 SULLIVANT AVE,10,2,0,0,0,0,22,5,1
254,GATEWAY MART,COLUMBUS,207 E 11TH AVE,8,1,0,0,0,0,10,10,0
255,GEORGESVILLE SHELL,COLUMBUS,1240 GEORGESVILLE RD,11,1,1,1,0,0,14,15,1
256,GET GO #3504,COLUMBUS,2888 BETHEL RD,2,1,0,0,0,0,2,10,0
257,GET GO #3512,COLUMBUS,2845 N HIGH ST,6,4,1,0,0,0,18,1,1
258,GET GO #3513,COLUMBUS,6825 E BROAD ST,7,5,2,0,0,0,6,1,0
259,GET GO #3517,COLUMBUS,2920 STELZER RD,7,2,2,1,0,1,14,10,0
260,GET GO #3528,COLUMBUS,5465 NEW ALBANY RD W,4,5,1,0,0,1,24,1,0
261,GET GO #3529,DUBLIN,6780 HAYDEN RUN RD,1,0,0,0,0,0,0,20,1
262,GET GO #3539,COLUMBUS,820 W 3RD AVE,8,1,0,0,0,0,5,10,0
263,GET N GO DRIVE THRU,COLUMBUS,3612 LOCKBOURNE RD,12,4,1,1,0,0,19,6,1
264,GETGO #3537,GROVEPORT,3765 S HAMILTON RD,12,2,0,0,0,0,22,5,1
265,GIANT EAGLE #6504,COLUMBUS,4747 SAWMILL RD,5,2,0,0,0,0,32,5,1
266,GIANT EAGLE #6512,COLUMBUS,2801 N HIGH ST,6,1,0,0,0,0,23,10,1
267,GIANT EAGLE #6513,COLUMBUS,6867 E BROAD ST,7,4,0,0,0,0,30,1,1
268,GIANT EAGLE #6517,COLUMBUS,2900 STELZER RD,7,3,1,0,0,0,17,1,1
269,GIANT EAGLE #6528,COLUMBUS,5461 NEW ALBANY RD W,4,5,3,0,1,0,16,1,0
270,GIANT EAGLE #6529,HILLIARD,6700 HAYDEN RUN RD,1,1,0,0,0,0,25,10,1
271,GIANT EAGLE #6537,GROVEPORT,3841 S HAMILTON RD,12,4,1,1,0,0,7,6,0
272,GIANT EAGLE #6539,COLUMBUS,840 W 3RD AVE,8,2,1,0,0,0,33,5,1
273,GILLIGAN EXXON/SUBWAY #1003,COLUMBUS,1866 SUMMIT ST,8,4,0,0,0,0,28,1,1
274,GILLIGAN SUBWAY/EXXON #1002,COLUMBUS,2187 NEIL AVE,8,3,1,1,0,0,7,6,0
275,GLEASON MARKET,COLUMBUS,1004 W RICH ST,13,3,0,0,0,0,27,1,1
276,GOLDEN MARKET,COLUMBUS,2185 W MOUND ST,10,4,2,0,1,1,4,1,0
277,GOPUFF,COLUMBUS,1260 W MOUND ST,13,5,2,0,1,1,10,1,0
278,GOPUFF,COLUMBUS,5235 N HIGH ST,6,1,1,1,0,0,19,15,1
279,GRAB N GO MARKET,COLUMBUS,955 W 5TH AVE STE F,8,4,0,0,0,0,28,1,1
280,GRANDVIEW BOTTLE SHOP,COLUMBUS,1761 W 5TH AVE,8,1,0,0,0,0,10,10,0
281,GRANDVIEW CARRYOUT,COLUMBUS,1355 GRANDVIEW AVE,8,1,0,0,0,0,18,10,1
282,GRANDVIEW SUNOCO,COLUMBUS,648 GRANDVIEW AVE,8,4,1,0,0,1,27,1,0
283,GRANNYS MARKET,COLUMBUS,2211 W BROAD ST,10,2,0,0,0,0,32,5,1
284,GREAT MIAMI MARKET,COLUMBUS,5121 E MAIN ST,11,2,1,0,0,0,31,5,1
285,GREAT VAPES,COLUMBUS,1294 BETHEL RD,2,2,1,0,0,0,26,5,1
286,GULF MART,COLUMBUS,2676 CLEVELAND AVE,6,2,0,0,0,0,5,5,0
287,GURU WINES,WORTHINGTON,2285 W DUBLIN GRANVILLE RD STE 117,3,1,0,0,0,0,11,10,0
288,H AND N MARKET,COLUMBUS,1799 E HUDSON ST,9,5,2,1,0,0,25,6,0
289,HALL MARKET,COLUMBUS,5526 HALL RD,11,1,1,1,0,1,1,15,0
290,HALL MART FOOD STORE,COLUMBUS,1448 COURTRIGHT RD,11,4,0,0,0,0,21,1,1
291,HAPPY MARKET,COLUMBUS,1427 S HAMILTON RD,11,2,1,1,0,0,15,10,1
292,HARRISBURG PIKE SUNOCO,COLUMBUS,1305 HARRISBURG PIKE,11,1,1,1,0,0,3,15,0
293,HASEEB PETROLEUM,COLUMBUS,3933 SULLIVANT AVE,10,5,0,0,0,0,29,1,1
294,HEADIES HIDEOUT,COLUMBUS,114 PARSONS AVE,14,1,1,1,0,0,13,15,0
295,HEDZ UP ON HUDSON,COLUMBUS,459 E HUDSON ST,8,3,0,0,0,0,35,1,1
296,HENDERSON RD SUNOCO 12,COLUMBUS,2122 W HENDERSON RD,5,5,0,0,0,0,23,1,1
297,HERBERT MARKET,COLUMBUS,1121 SULLIVANT AVE,13,5,2,1,1,0,9,6,0
298,HIGH LIFE VAPOR SMOKING,COLUMBUS,1178 N HIGH ST,9,1,0,0,0,0,10,10,0
299,HIGHLAND GROCERY MART,COLUMBUS,2538 MORSE RD,3,4,2,0,1,0,18,1,1
300,HIPPIE HUT SMOKE SHOP,COLUMBUS,1551 N HIGH ST,9,5,0,0,0,0,15,1,1
301,HOLLYWOOD CASINO,COLUMBUS,200 GEORGESVILLE RD,10,2,0,0,0,0,15,5,1
302,HOLLYWOOD CASINO,COLUMBUS,200 GEORGESVILLE RD,10,3,1,0,0,0,11,1,0
303,HOLLYWOOD CASINO,COLUMBUS,200 GEORGESVILLE RD,10,3,1,0,0,0,29,1,1
304,HOLLYWOOD SMOKE AND VAPE,COLUMBUS,3951 W BROAD ST,10,2,1,0,0,1,14,5,0
305,HOME MARKET,COLUMBUS,2386 GROVEPORT RD,12,5,1,0,0,0,1,1,0
306,HONEY BEE DRIVE THRU,COLUMBUS,1600 S HIGH ST,13,3,0,0,0,0,30,1,1
307,HOOKAH RUSH,COLUMBUS,2394 N HIGH ST,8,5,0,0,0,0,8,1,0
308,HOUSE OF CIGAR,COLUMBUS,7099 HUNTLEY RD,3,0,0,0,0,0,0,20,1
309,HOUSE OF MONTECRISTO,COLUMBUS,1209 N HIGH ST,9,1,0,0,0,0,28,10,1
310,HUDSON EXPRESS CARRYOUT,COLUMBUS,1818 E HUDSON ST,6,3,0,0,0,0,5,1,0
311,HUDSON MARKET,COLUMBUS,1080 E HUDSON ST,6,4,0,0,0,0,24,1,1
312,HUMBLE HEALTH,COLUMBUS,4430 WESTERVILLE RD,3,4,3,0,1,0,26,1,0
313,HUMIDOR PLUS,COLUMBUS,6157 CLEVELAND AVE,2,4,0,0,0,0,29,1,1
314,HYDES MARKET,COLUMBUS,1414 MORSE RD,4,3,0,0,0,0,1,1,0
315,IMAGE GROCERY,COLUMBUS,4669 MORSE CENTRE RD,4,2,0,0,0,0,17,5,1
316,INDRENI MART GROCERY,COLUMBUS,1565 E DUBLIN GRANVILLE RD,4,1,0,0,0,0,14,10,1
317,ISLANDS DRIVE THRU,HILLIARD,2157 HILLIARD ROME RD,5,2,0,0,0,0,30,5,1
318,ISMOKE & VAPE,COLUMBUS,1403 S HAMILTON RD,11,3,1,0,0,0,7,1,0
319,J & N CARRYOUT,COLUMBUS,1541 E WHITTIER ST,14,1,0,0,0,0,9,10,0
320,J & S STOP N SHOP,COLUMBUS,6867 FLAGS CENTER DR,2,4,2,0,1,0,1,1,0
321,J KHAN DRIVE THRU,COLUMBUS,1436 S HAMILTON RD,11,4,1,0,0,0,11,1,0
322,JAFRA CAFE,COLUMBUS,40 N JAMES RD,11,5,2,0,0,0,8,1,0
323,JAYA & JASMINE LLC,COLUMBUS,1326 OAKLAND PARK AVE,6,5,2,0,1,1,23,1,0
324,JAYS DRIVE THRU,COLUMBUS,766 PARSONS AVE,14,1,0,0,0,0,2,10,0
325,JEDDO HOOKAH,COLUMBUS,5615 CLEVELAND AVE,4,1,0,0,0,0,9,10,0
326,JEFF RUBYS,COLUMBUS,89 E NATIONWIDE BLVD 1ST FLR,10,1,0,0,0,0,27,10,1
327,JEFFERSON SMOKE PLUS,COLUMBUS,1043 E HUDSON ST,9,4,0,0,0,0,29,1,1
328,JERUSALEM HALAL MARKET,HILLIARD,5410 ROBERTS RD,5,1,1,1,0,0,11,15,0
329,JHORNZ ENTERTAINMENT STUDIOS,COLUMBUS,1142 S HIGH ST,14,3,2,0,0,1,19,1,0
330,JR J'S DRIVE THRU,COLUMBUS,2179 PARKWOOD AVE,9,3,1,0,0,0,29,1,1
331,JULIAN FOODS,COLUMBUS,3277 W BROAD ST,10,5,2,1,0,0,24,6,0
332,JULIAN WIRELESS II,COLUMBUS,2562 MORSE RD,3,3,0,0,0,0,17,1,1
333,K & K MART LLC,COLUMBUS,620 HARRISBURG PIKE,13,0,0,0,0,0,0,20,1
334,KARL BEVERAGE COMPANY,COLUMBUS,6733 KARL RD,3,5,2,1,0,0,11,6,0
335,KARL ROAD MARKET,COLUMBUS,3663 KARL RD,6,2,1,0,0,0,28,5,1
336,KELLY'S MARKET,COLUMBUS,3453 PARSONS AVE,12,1,1,1,0,0,12,15,0
337,KEYSTONE PUB,COLUMBUS,1081 GEMINI PL,1,3,0,0,0,0,6,1,0
338,KHAN SMOKE AND BEER SHOP,COLUMBUS,6044 CHANNINGWAY BLVD,7,4,1,0,0,0,34,1,1
339,KIMBERLY MARKET,COLUMBUS,4295 KIMBERLY PKWY,12,3,1,1,0,0,13,6,0
340,KIMS MARKET 1ST FLOOR ONLY,COLUMBUS,1327 E LIVINGSTON AVE,14,2,1,0,0,0,9,5,0
341,KING LINCOLN DRIVE THRU,COLUMBUS,1232 MT VERNON AVE,13,5,0,0,0,0,31,1,1
342,KINGS LOUNGE,COLUMBUS,3070 N HIGH ST,6,5,2,0,1,0,3,1,0
343,KOSHELI MART,BLACKLICK,59 N WAGGONER RD,7,2,0,0,0,0,34,5,1
344,KROGER #273,WORTHINGTON,60 WORTHINGTON SQ,3,2,0,0,0,0,27,5,1
345,KROGER #315,COLUMBUS,2000 E MAIN ST,14,1,1,1,0,0,35,15,1
346,KROGER #519,COLUMBUS,1585 GEORGESVILLE SQ DR,11,4,2,1,0,0,10,6,0
347,KROGER #569,COLUMBUS,150 W SYCAMORE ST,14,2,1,1,0,0,8,10,0
348,KROGER #587,COLUMBUS,1350 N HIGH ST,9,4,1,1,0,0,35,6,1
349,KROGER #587 LIQUOR STORE,COLUMBUS,1300 N HIGH ST,9,3,0,0,0,0,5,1,0
350,KROGER #598,COLUMBUS,3600 SOLDANO BLVD,10,5,1,0,0,0,17,1,1
351,KROGER #623,GALLOWAY,5800 W BROAD ST,5,2,0,0,0,0,33,5,1
352,KROGER #815,COLUMBUS,3637 S HIGH ST,12,2,1,1,0,0,20,10,1
353,KROGER #818,COLUMBUS,2090 CROWN PLAZA DR,2,0,0,0,0,0,0,20,1
354,KROGER #839,COLUMBUS,1177 POLARIS PKWY,1,5,1,1,0,0,10,6,0
355,KROGER #853,COLUMBUS,7000 E BROAD ST,7,4,1,0,0,0,8,1,0
356,KROGER #867,HILLIARD,2525 HILLIARD ROME RD,5,1,0,0,0,0,19,10,1
357,KROGER #871 FUEL CENTER,COLUMBUS,5420 N HAMILTON RD,4,3,0,0,0,0,4,1,0
358,KROGER #879,COLUMBUS,1425 WORTHINGTON CTR DR,2,3,0,0,0,0,24,1,1
359,KROGER #881,NEW ALBANY,5161 HAMPSTED VILLAGE CENTER WY,4,1,0,0,0,0,9,10,0
360,KROGER #893,COLUMBUS,1441 PARSONS AVE,14,4,1,0,0,0,25,1,1
361,KROGER #942,COLUMBUS,1375 CHAMBERS RD,8,3,0,0,0,0,3,1,0
362,KROGER #971,COLUMBUS,3417 N HIGH ST,6,3,0,0,0,0,19,1,1
363,KROGER #990,COLUMBUS,2161 EAKIN RD,11,3,1,0,0,0,10,1,0
364,KROGER #N-514,COLUMBUS,3588 GENDER RD,12,3,1,0,0,0,12,1,0
365,KROGER #N-819,COLUMBUS,199 GRACELAND BLVD,6,5,0,0,0,0,14,1,1
366,KROGER FUEL CENTER #315,COLUMBUS,2000 E MAIN ST,14,3,0,0,0,0,34,1,1
367,KROGER FUEL CENTER #519,COLUMBUS,1585 GEORGESVILLE SQUARE DR,11,3,0,0,0,0,2,1,0
368,KROGER FUEL CENTER #598,COLUMBUS,85 N WILSON RD,10,1,0,0,0,0,13,10,0
369,KROGER FUEL CENTER #623,GALLOWAY,5750 W BROAD ST,5,5,1,1,0,1,9,6,0
370,KROGER FUEL CENTER #815,COLUMBUS,3637 S HIGH ST,12,5,0,0,0,0,22,1,1
371,KROGER FUEL CENTER #818,COLUMBUS,2090 CROWN PLAZA DR,2,1,0,0,0,0,4,10,0
372,KROGER FUEL CENTER #839,COLUMBUS,1177 POLARIS PKWY,1,5,2,1,1,0,25,6,1
373,KROGER FUEL CENTER #853,COLUMBUS,77 N REYNOLDSBURG NEW ALBANY RD,7,1,1,1,0,0,31,15,1
374,KROGER FUEL CENTER #879,COLUMBUS,1425 WORTHINGTON CENTRE DR,2,3,1,0,0,0,10,1,0
375,KROGER FUEL CENTER #881,NEW ALBANY,5161 HAMPSTED VILLAGE CENTER WY,4,5,1,1,0,1,28,6,0
376,KROGER FUEL CENTER #893,COLUMBUS,1415 PARSONS AVE,14,2,1,1,0,0,15,10,1
377,KROGER FUEL CENTER #942,COLUMBUS,1765 NORTHWEST BLVD,8,2,0,0,0,0,16,5,1
378,KROGER FUEL CENTER #990,COLUMBUS,2161 EAKIN RD,11,3,0,0,0,0,35,1,1
379,KROGER FUEL CENTER #N-514,CANAL WINCHESTER,3598 GENDER RD,12,4,0,0,0,0,6,1,0
380,KROGER N593,COLUMBUS,1745 MORSE RD,6,1,0,0,0,0,35,10,1
381,KROGERS FUEL CENTER #867,HILLIARD,2525 HILLIARD-ROME RD,5,1,0,0,0,0,25,10,1
382,LA CHAVETA CIGAR LOUNGE,COLUMBUS,3293 N HIGH ST,6,3,1,0,0,0,28,1,1
383,LA MICHOACANA #7,COLUMBUS,534 NORTON RD,11,2,0,0,0,0,22,5,1
384,LA MICHOACANA #8,COLUMBUS,5445 BETHEL SAWMILL CTR,2,5,1,0,0,0,28,1,1
385,LA MICHOACANA FRESH MARKET LLC,COLUMBUS,939 E DUBLIN GRANVILLE RD,4,5,2,0,1,0,4,1,0
386,LA MICHOACANA MARKET #2,COLUMBUS,3629 SULLIVANT AVE,10,5,0,0,0,0,18,1,1
387,LA MICHOACANA MEXICAN MARKET #1,COLUMBUS,3881 CLEVELAND AVE,6,1,0,0,0,0,4,10,0
388,LA MICHOACANA MKT #6,COLUMBUS,3160 S HAMILTON RD,12,4,2,0,1,0,24,1,1
389,LAS PALOMAS,COLUMBUS,2915 E 5TH AVE,11,5,0,0,0,0,9,1,0
390,LATERALUS GLASS,WESTERVILLE,5132 WALHAM GREEN RD APT. 301,4,4,0,0,0,0,23,1,1
391,LAYLA'S SMOKE SHOP,COLUMBUS,2498 SUMMIT ST,8,2,2,1,1,0,2,10,0
392,LAZELLE BEER WINE DRIVE THRU,WESTERVILLE,451 LAZELLE RD,2,4,1,1,0,1,7,6,0
393,LD SUNOCO,COLUMBUS,849 E 5TH AVE,9,1,0,0,0,0,2,10,0
394,LEONARD MARKET,COLUMBUS,2070 LEONARD AVE STE F,9,1,0,0,0,0,24,10,1
395,LINDA'S MARKET,COLUMBUS,2165 COURTRIGHT RD,12,1,0,0,0,0,9,10,0
396,LION'S DEN,COLUMBUS,3586 W DUBLIN GRANVILLE RD,1,2,1,0,0,1,21,5,0
397,LION'S DEN,COLUMBUS,4315 KIMBERLY PKWY,12,2,1,1,0,1,6,10,0
398,LION'S DEN,COLUMBUS,4375 ROBERTS RD,5,3,0,0,0,0,2,1,0
399,LION'S DEN - BEXLEY RETAIL 47 LLC,COLUMBUS,1144 ALUM CREEK DR,14,2,0,0,0,0,4,5,0
400,LION'S DEN - GRANDVIEW RETAIL 58 LLC,COLUMBUS,1055 W FIFTH AVE,8,4,1,0,0,0,3,1,0
401,LIVINGSTON & HAMILTON SHELL,COLUMBUS,4425 E LIVINGSTON AVE,11,4,0,0,0,0,30,1,1
402,LIVINGSTON EXXON,COLUMBUS,2097 E LIVINGSTON AVE,11,2,0,0,0,0,10,5,0
403,LIVINGSTON MARKET,COLUMBUS,1619 E LIVINGSTON AVE,14,5,1,0,0,1,25,1,0
404,LIVINGSTON SHELL,COLUMBUS,1937 E LIVINGSTON AVE,14,3,0,0,0,0,5,1,0
405,LIVINGSTON SUNOCO,COLUMBUS,3172 E LIVINGSTON AVE,11,3,1,0,0,0,25,1,1
406,LK GROCERY LLC / LK NEPALI BAZAAR,BLACKLICK,988-992 N WAGGONER RD,7,2,0,0,0,0,13,5,0
407,LOCKBOURNE FAST MART,COLUMBUS,1333 LOCKBOURNE RD,14,2,1,0,0,0,33,5,1
408,LOCKBOURNE MART,COLUMBUS,1119 LOCKBOURNE RD,14,2,1,0,0,0,9,5,0
409,LOCKBOURNE MOBIL,COLUMBUS,1509 LOCKBOURNE RD,14,5,0,0,0,0,28,1,1
410,LOCKBOURNE SMOKE SHOP,COLUMBUS,1730 LOCKBOURNE RD,14,1,1,1,0,1,1,15,0
411,LOCKBOURNE SUNOCO,COLUMBUS,1711 LOCKBOURNE RD,14,0,0,0,0,0,0,20,1
412,LOUIE'S DRIVE THRU,COLUMBUS,3896 REFUGEE RD,12,1,0,0,0,0,8,10,0
413,M & J CARRYOUT,COLUMBUS,1958 SULLIVANT AVE,10,2,0,0,0,0,19,5,1
414,M & M MARKET & CARRYOUT,COLUMBUS,1596 OAKLAND PARK AVE,6,1,0,0,0,0,3,10,0
415,M & R WINE SHOP,COLUMBUS,1553 E MAIN ST,14,1,0,0,0,0,29,10,1
416,M & S CARRYOUT,COLUMBUS,590 GEORGESVILLE RD,10,5,0,0,0,0,28,1,1
417,M EXPRESS MARKET,COLUMBUS,2305 W BROAD ST,10,5,1,0,0,0,7,1,0
418,MAIZE MARKET,COLUMBUS,3310 MAIZE RD,6,3,1,1,0,1,2,6,0
419,MANGOS,COLUMBUS,21 SMITH PL,9,3,1,0,0,0,6,1,0
420,MANOR CARRYOUT,COLUMBUS,579-81 WEDGEWOOD DR,10,1,1,0,0,0,5,10,0
421,MAPLE MARKET,COLUMBUS,5709 MAPLE CANYON AVE,4,5,3,1,1,1,19,6,0
422,MARATHON,COLUMBUS,1466 S HAMILTON RD,11,4,1,0,0,0,33,1,1
423,MARATHON,COLUMBUS,3464 SULLIVANT AVE,10,4,0,0,0,0,30,1,1
424,MARATHON,COLUMBUS,3760 SNOUFFER RD STE A,1,2,0,0,0,0,13,5,0
425,MARATHON EXPRESS,COLUMBUS,3434 PARSONS AVE,12,1,0,0,0,0,35,10,1
426,MARATHON FOOD MARKET,COLUMBUS,1226 GEORGESVILLE RD,11,5,3,0,1,0,35,1,0
427,MARATHON REFUGEE,CANAL WINCHESTER,6750 REFUGEE RD,12,2,0,0,0,0,31,5,1
428,MARC'S UPPER ARLINGTON,COLUMBUS,1828 W HENDERSON RD,2,2,0,0,0,0,30,5,1
429,MAYA CAFE & HOOKAH,COLUMBUS,2367-69 N HIGH ST,8,1,0,0,0,0,12,10,0
430,MAZAJ HOOKAH LOUNGE,COLUMBUS,4223 ROBERTS RD,5,4,0,0,0,0,4,1,0
431,MCGUFFEY MARKET,COLUMBUS,1066 E HUDSON ST,6,0,0,0,0,0,0,20,1
432,MEADOWS CARRY OUT,COLUMBUS,5900 N MEADOWS BLVD,4,2,0,0,0,0,0,5,1
433,MEIJER GAS #104,COLUMBUS,1675 HILLIARD ROME RD,5,5,0,0,0,0,11,1,0
434,MEIJER GAS #114,COLUMBUS,5030 N HAMILTON RD,4,5,1,0,0,1,16,1,0
435,MEIJER GAS #212,REYNOLDSBURG,7930 E BROAD ST,7,4,2,0,1,0,5,1,0
436,MEIJER GAS STATION #58,DUBLIN,6155 SAWMILL RD,2,0,0,0,0,0,0,20,1
437,MEISTER'S BAR,COLUMBUS,1168 CHAMBERS RD,8,3,1,0,0,1,25,1,0
438,MI FAMILIA MARKET,COLUMBUS,2331 W BROAD ST,10,0,0,0,0,0,0,20,1
439,MIDNIGHT HOOKAH,COLUMBUS,1167 MT PLEASANT AVE,9,1,0,0,0,0,24,10,1
440,MIDWEST WELLNESS STORE,COLUMBUS,5425 BETHEL SAWMILL CTR,2,5,0,0,0,0,27,1,1
441,MIKE FOOD MART,COLUMBUS,2660 NOE BIXBY RD,12,1,0,0,0,0,7,10,0
442,MIKE'S MARKET,COLUMBUS,3327-29 MAIZE RD,6,4,3,0,1,0,7,1,0
443,MILHEM MARKET,COLUMBUS,1562 WATKINS RD,12,2,0,0,0,0,25,5,1
444,MINERVA MARKET,COLUMBUS,4951 CLEVELAND AVE,4,4,0,0,0,0,15,1,1
445,MIRACLE TRADING COMPANY,COLUMBUS,1915 TAMARACK CIR N,4,2,0,0,0,0,17,5,1
446,MK 57 VAPE,HILLIARD,2602 HILLIARD ROME RD,5,3,1,0,0,1,15,1,0
447,MOBIL FIFTH AVE,COLUMBUS,1773 E 5TH AVE,9,4,0,0,0,0,4,1,0
448,MOBIL MART,COLUMBUS,2635 W BROAD ST,10,2,1,1,0,0,12,10,0
449,MOBIL MART,COLUMBUS,2727 CLEVELAND AVE,6,2,0,0,0,0,20,5,1
450,MOBILE MART,COLUMBUS,2835 WESTERVILLE RD,6,5,1,0,0,0,23,1,1
451,MOBILE MART,COLUMBUS,830 PARSONS AVE,14,3,0,0,0,0,16,1,1
452,MORSE & CLEVELAND SHELL,COLUMBUS,4431 CLEVELAND AVE,4,4,2,0,0,0,23,1,0
453,MORSE QUICK MART,COLUMBUS,1570 MORSE RD,4,4,1,0,0,0,10,1,0
454,MOUND STREET MARKET,COLUMBUS,1690 W MOUND ST,10,0,0,0,0,0,0,20,1
455,MOUND STREET SUNOCO,COLUMBUS,1102 W MOUND ST,13,4,0,0,0,0,16,1,1
456,MOZ MOZ,COLUMBUS,2700 N HIGH ST,6,1,0,0,0,0,25,10,1
457,MYRA DISCOUNT TOBACCO,COLUMBUS,7095 E BROAD ST STE B,7,4,1,0,0,0,7,1,0
458,N & N SUPERMARKET,COLUMBUS,2240 SULLIVANT AVE,10,3,0,0,0,0,32,1,1
459,N HIGH BP,COLUMBUS,5385 N HIGH ST,6,2,0,0,0,0,17,5,1
460,NA SMOKE SHOP,COLUMBUS,5597 N HAMILTON RD,4,2,0,0,0,0,20,5,1
461,NABBY'S CARRYOUT,COLUMBUS,1235 E HUDSON ST,9,2,1,0,0,1,2,5,0
462,NATURAL NECESSITIES,COLUMBUS,3130 E LIVINGSTON AVE,11,1,0,0,0,0,5,10,0
463,NAZANA'S PARADISE DRIVE THRU,COLUMBUS,1540 W MOUND ST,10,3,0,0,0,0,23,1,1
464,NELSON CONVENIENCE STORE,COLUMBUS,155 NATIONWIDE BLVD STE 115,13,2,0,0,0,0,23,5,1
465,NEPALI BAZAAR,COLUMBUS,1782 MORSE RD,4,5,1,1,0,0,24,6,1
466,NEPALI MART,COLUMBUS,1480 MORSE RD,4,1,0,0,0,0,22,10,1
467,NEW BOTTLE CAP BEVERAGE,COLUMBUS,3020 E LIVINGSTON AVE,11,3,1,0,0,0,35,1,1
468,NIELSEN'S  #17,COLUMBUS,400 N HIGH ST STE 101-3,10,5,0,0,0,0,6,1,0
469,NIELSONS,COLUMBUS,3 NATIONWIDE PLZ,10,5,2,0,0,0,33,1,0
470,NOE BIXBY DRIVE THRU,COLUMBUS,2960 NOE BIXBY RD,12,5,0,0,0,0,4,1,0
471,NOE BIXBY MARATHON,COLUMBUS,4755 REFUGEE RD,12,2,0,0,0,0,27,5,1
472,NORTH BROADWAY SUNOCO,COLUMBUS,700 E NORTH BROADWAY ST,6,3,1,0,0,0,20,1,1
473,NORTH CAMPUS FOOD MART,COLUMBUS,2424 N HIGH ST,8,1,1,1,0,0,30,15,1
474,NORTH LINDEN MARKET,COLUMBUS,1580 JOYCE AVE,9,4,1,0,0,0,9,1,0
475,NORTHLAND MARKET,COLUMBUS,4312 KARL RD,6,3,0,0,0,0,9,1,0
476,NORTHWEST CARRYOUT,COLUMBUS,1281 W 5TH AVE,8,1,0,0,0,0,15,10,1
477,NORTHWEST WINE & SPIRITS,COLUMBUS,821 BETHEL RD,3,1,0,0,0,0,26,10,1
478,NORTON MARATHON,COLUMBUS,385 NORTON RD,11,2,1,0,0,1,26,5,0
479,NORTON ROAD DRIVE THRU,COLUMBUS,550 NORTON RD,11,4,1,0,0,1,33,1,0
480,NORTON SUNOCO,COLUMBUS,552 NORTON RD,11,1,0,0,0,0,13,10,0
481,NV BAR & LOUNGE,COLUMBUS,797 ST CLAIR AVE,9,2,1,0,0,0,15,5,1
482,ONE STOP,COLUMBUS,4305 EASTLAND SQUARE DR,12,3,0,0,0,0,33,1,1
483,ONE STOP MARKET,COLUMBUS,1447 S HAMILTON RD,11,2,1,0,0,0,13,5,0
484,OUT OF THIS WORLD FLOWER COMPANY,COLUMBUS,1505 FREBIS AVE UNIT A,14,5,3,1,1,0,5,6,0
485,OUTLET SMOKE SHOP,COLUMBUS,6091 MCNAUGHTEN CTR,7,3,0,0,0,0,18,1,1
486,PACE HIGH CARRYOUT,COLUMBUS,3179 N HIGH ST,6,5,1,0,0,1,25,1,0
487,PAK SMOKE,COLUMBUS,6116 BOARDWALK ST,4,1,0,0,0,0,12,10,0
488,PALMER'S BEVERAGE CENTER,COLUMBUS,3375 INDIANOLA AVE,6,3,2,0,1,0,4,1,0
489,PARADISE SMOKE N VAPE,HILLIARD,2127 HILLIARD  ROME RD,5,4,1,0,0,1,35,1,0
490,PARKVILLE MARKET,COLUMBUS,5705 PARKVILLE ST,4,5,2,1,0,0,26,6,0
491,PARKWOOD MARKET,COLUMBUS,2207 PARKWOOD AVE,9,4,0,0,0,0,20,1,1
492,PARSONS EXPRESS,COLUMBUS,1526 PARSONS AVE,13,2,0,0,0,0,27,5,1
493,PARSONS MARATHON,COLUMBUS,959 PARSONS AVE,14,3,1,0,0,0,21,1,1
494,PERFECT POUR BEVERAGE,DUBLIN,2827 FESTIVAL LN,2,4,1,0,0,0,15,1,1
495,PHARAOHS HOOKAH CAFE,COLUMBUS,1460 N HIGH ST,9,1,0,0,0,0,17,10,1
496,PICK & GO,COLUMBUS,805 E MAIN ST,14,4,0,0,0,0,33,1,1
497,PILOT TRAVEL CENTER #213,COLUMBUS,3600 INTERCHANGE RD,10,2,0,0,0,0,7,5,0
498,PIZZA CHATEAU,COLUMBUS,2602 EAKIN RD,10,4,1,0,0,0,4,1,0
499,PJ'S DRIVE THRU,COLUMBUS,1973 HARD RD,1,1,0,0,0,0,10,10,0
500,PJ'S GRILL,COLUMBUS,15 E FRAMBES AVE,8,5,3,0,1,1,7,1,0
501,PLANET 7 SMOKE SHOP,COLUMBUS,1721 S HIGH ST,13,5,2,0,1,1,27,1,0
502,PLANET PUFF,COLUMBUS,2530 SULLIVANT AVE,10,5,2,0,1,0,17,1,1
503,PLANET PUFF,COLUMBUS,383 WILSON AVE,14,1,0,0,0,0,21,10,1
504,PLAZA FOOD,COLUMBUS,1050 MT VERNON AVE,13,2,0,0,0,0,34,5,1
505,POWELL SHELL,POWELL,2080 SUMMIT ROW BLVD,2,5,2,1,0,0,30,6,0
506,POWER FLOWER,COLUMBUS,958 W BROAD ST,13,3,0,0,0,0,26,1,1
507,PUFF AVE,COLUMBUS,4382 INDIANOLA AVE,6,4,1,0,0,1,5,1,0
508,PUFF CRAZE,COLUMBUS,2792 STELZER RD,7,4,1,0,0,1,1,1,0
509,PUFF PALACE,COLUMBUS,5562 N HIGH ST,6,4,0,0,0,0,31,1,1
510,QUARRY MARKET,COLUMBUS,2954 MCKINLEY AVE,8,5,3,0,1,0,11,1,0
511,QUENCHING CAVERNS,COLUMBUS,5250 GODOWN RD,2,3,1,0,0,0,17,1,1
512,QUICK & EASY MART,COLUMBUS,4197 CLEVELAND AVE,6,1,0,0,0,0,8,10,0
513,QUICK AND COLD DRIVE THRU,COLUMBUS,1550 LOCKBOURNE RD,14,1,0,0,0,0,16,10,1
514,QUICK CARRYOUT,COLUMBUS,2934 S HIGH ST,12,3,0,0,0,0,34,1,1
515,QUICK STOP,COLUMBUS,2776 E 5TH AVE,11,5,1,0,0,0,26,1,1
516,RAMA  FOODMART & DELI,COLUMBUS,334 N 20TH ST,13,0,0,0,0,0,0,20,1
517,REFUGEE FOOD MART,COLUMBUS,3877 REFUGEE RD,12,3,0,0,0,0,32,1,1
518,RIDERS HUT,COLUMBUS,3322 W BROAD ST,10,1,1,1,0,0,35,15,1
519,RIDI PETROLEUM,COLUMBUS,1401 SULLIVANT AVE,13,1,0,0,0,0,17,10,1
520,ROBERTS ROAD MARATHON,COLUMBUS,4400 ROBERTS RD,5,2,0,0,0,0,16,5,1
521,ROCKY HOC,COLUMBUS,2448 S HIGH ST,12,5,2,0,0,1,2,1,0
522,ROSCO'S MARKET,COLUMBUS,2500 SULLIVANT AVE,10,5,1,0,0,0,15,1,1
523,RP MART,COLUMBUS,1263 E DUBLIN GRANVILLE RD,4,4,0,0,0,0,14,1,1
524,SAHARA SHI-SHA CAFE,COLUMBUS,20 E ARCADIA AVE,6,5,1,0,0,0,30,1,1
525,SALLY'S MARKET,COLUMBUS,740 SULLIVANT AVE,13,5,1,0,0,1,27,1,0
526,SAMO MARKET,COLUMBUS,4420 WALFORD ST,6,4,2,1,1,1,2,6,0
527,SAM'S CARRY OUT,COLUMBUS,860 N CASSADY AVE,11,3,0,0,0,0,4,1,0
528,SAM'S DRIVE THRU,COLUMBUS,2357 SULLIVANT AVE,10,2,0,0,0,0,17,5,1
529,SAM'S FOOD SHOP,COLUMBUS,981 SULLIVANT AVE,13,2,0,0,0,0,6,5,0
530,SANCUS CARRYOUT,WESTERVILLE,8296 SANCUS BLVD,1,0,0,0,0,0,0,20,1
531,SANDALWOOD SUPERMARKET,COLUMBUS,5461 SANDALWOOD BLVD,4,4,1,0,0,1,3,1,0
532,SANTIAGO SUPERMARKET,HILLIARD,5431 ROBERTS RD,5,4,0,0,0,0,35,1,1
533,SAVE WAY MARKET,COLUMBUS,1370 SULLIVANT AVE,13,1,0,0,0,0,1,10,0
534,SAVE WAY MINI MART,COLUMBUS,2585 W BROAD ST,10,4,3,1,1,1,21,6,0
535,SAVOR GROWL,COLUMBUS,2991 INDIANOLA AVE,6,1,0,0,0,0,7,10,0
536,SAVOR PINT,COLUMBUS,4440 INDIANOLA AVE,6,1,0,0,0,0,13,10,0
537,SCIOTO DOWN - SPORTS BAR & PATIO BAR,COLUMBUS,6000 S HIGH ST,12,3,0,0,0,0,29,1,1
538,SCIOTO DOWNS,COLUMBUS,6000 S HIGH ST,12,3,0,0,0,0,29,1,1
539,SCIOTO DOWNS GAMING BUILDING,COLUMBUS,6000 S HIGH ST,12,5,1,0,0,0,16,1,1
540,SCIOTO DOWNS GAMING BUILDING,COLUMBUS,6000 S HIGH ST,12,3,2,0,1,1,10,1,0
541,SHANGRILA MART,BLACKLICK,7199 E BROAD ST,7,4,1,0,0,1,3,1,0
542,SHARON SQUARE WINE SHOP,COLUMBUS,5590 N HIGH ST,6,1,0,0,0,0,31,10,1
543,SHATTER HOUSE,COLUMBUS,1216 PARSONS AVE,14,5,1,0,0,0,2,1,0
544,SHEETZ #714,REYNOLDSBURG,2700 BRICE RD,7,2,0,0,0,0,6,5,0
545,SHEETZ #720,NEW ALBANY,6229 E DUBLIN GRANVILLE RD,4,5,3,0,1,0,13,1,0
546,SHEETZ #722,GROVEPORT,3999 S HAMILTON RD,12,5,1,0,0,0,14,1,1
547,SHEETZ #723,COLUMBUS,2840 JOHNSTOWN RD,9,5,2,0,1,0,29,1,1
548,SHEETZ #724,COLUMBUS,975 E DUBLIN GRANVILLE RD,4,2,0,0,0,0,13,5,0
549,SHEETZ #725,COLUMBUS,1555 POLARIS PKWY,1,4,2,1,0,1,4,6,0
550,SHEETZ #738,COLUMBUS,1485 N CASSADY AVE,7,3,1,0,0,0,14,1,1
551,SHEETZ #757,COLUMBUS,930 HILLIARD ROME RD,5,4,1,1,0,0,3,6,0
552,SHEETZ #758,COLUMBUS,920 POLARIS PKWY,1,0,0,0,0,0,0,20,1
553,SHEETZ #767,COLUMBUS,1380 BETHEL RD,2,4,1,0,0,1,23,1,0
554,SHEETZ #825 - HIGH CROSS,COLUMBUS,161 E CAMPUS VIEW BLVD,2,1,1,1,0,1,24,15,0
555,SHEETZ #849 - WALCUTT,COLUMBUS,4881 ROBERTS RD,5,5,0,0,0,0,30,1,1
556,SHEETZ #862,COLUMBUS,7480 SAWMILL RD,1,3,1,0,0,0,26,1,1
557,SHEETZ #882,COLUMBUS,5757 W BROAD ST,11,0,0,0,0,0,33,20,1
558,SHELL,COLUMBUS,4751 E MAIN ST,11,4,0,0,0,0,32,1,1
559,SHELL HUDSON AND I-71,COLUMBUS,666 E HUDSON ST,6,5,1,0,0,0,11,1,0
560,S-HI CARRYOUT,COLUMBUS,3250 S HIGH ST,12,3,0,0,0,0,8,1,0
561,SHOBIS MARKET,COLUMBUS,1650 PARSONS AVE,13,2,0,0,0,0,34,5,1
562,SHOP 614,COLUMBUS,1949 ZETTLER CENTER DR,11,3,0,0,0,0,31,1,1
563,SILVER SMILE,COLUMBUS,5346 SINCLAIR RD,4,2,0,0,0,0,10,5,0
564,SIRENS,COLUMBUS,6190 CLEVELAND AVE,3,4,2,0,0,1,12,1,0
565,SMART STOP DRIVE THRU,COLUMBUS,6830 REFUGEE RD,12,4,1,0,0,0,31,1,1
566,SMOKE & CELLULAR EXPRESS,COLUMBUS,910 E HUDSON ST,6,3,0,0,0,0,21,1,1
567,SMOKE 2 VAPE & TOBACCO,DUBLIN,7650 SAWMILL RD,1,2,1,0,0,1,25,5,0
568,SMOKE 614,COLUMBUS,2465 N HIGH ST,8,2,1,0,0,1,5,5,0
569,SMOKE HOUSE PLUS,COLUMBUS,4950 N HIGH ST,6,2,0,0,0,0,28,5,1
570,SMOKE HUB,WORTHINGTON,1119 WORTHINGTON WOODS BLVD,2,2,0,0,0,0,6,5,0
571,SMOKE N GULP,GALLOWAY,5630 HALL RD,11,2,1,0,0,0,30,5,1
572,SMOKE OUTLET,COLUMBUS,1019 W BROAD ST,13,0,0,0,0,0,0,20,1
573,SMOKE OUTLET,COLUMBUS,1635 PARSONS AVE,13,3,1,0,0,0,8,1,0
574,SMOKE OUTLET,COLUMBUS,2471 E DUBLIN GRANVILLE RD,4,3,0,0,0,0,4,1,0
575,SMOKE PALACE,GALLOWAY,5678 W BROAD ST,5,1,0,0,0,0,12,10,0
576,SMOKE PLUS FIVE,COLUMBUS,2671 PALMETTO ST,10,5,1,1,0,0,6,6,0
577,SMOKE SHOP,COLUMBUS,1898 HARD RD,1,2,1,1,0,0,18,10,1
578,SMOKE SHOP,HILLIARD,6520 HAYDEN RUN RD UNIT 4,1,4,1,1,0,1,6,6,0
579,SMOKE SHOP 1,COLUMBUS,1597 W 5TH AVE,8,5,0,0,0,0,19,1,1
580,SMOKE SHOP CIGARS,COLUMBUS,3581 REFUGEE RD,12,2,2,1,1,0,3,10,0
581,SMOKE ZONE SMOKE SHOP,COLUMBUS,1202 N HIGH ST,9,3,2,0,1,1,5,1,0
582,SMOKE ZONE SMOKE SHOP,COLUMBUS,4 E 13TH AVE,8,5,1,0,0,0,5,1,0
583,SMOKER SPIN 1,WESTERVILLE,5462 WESTERVILLE RD,3,2,0,0,0,0,25,5,1
584,SMOKER WORLD,DUBLIN,5043 TUTTLE CROSSING BLVD STE 164,1,5,2,0,0,0,12,1,0
585,SMOKER ZONE,LEWIS CENTER,8927 S OLD STATE RD,1,4,1,1,1,0,15,6,1
586,SMOKER ZONE,GALLOWAY,970 GALLOWAY RD,11,4,3,0,1,0,8,1,0
587,SMOKIE TALKIE,COLUMBUS,1230 DEMOREST RD,11,3,0,0,0,0,11,1,0
588,SMVC STORE,COLUMBUS,855 S WEYANT AVE,11,5,1,0,0,0,21,1,1
589,SNAG DELIVERY RETAIL STORE (OSU),COLUMBUS,1882 N HIGH ST,8,4,0,0,0,0,15,1,1
590,SOUSSY MARKET,COLUMBUS,1950 N 4TH ST UNIT M,8,1,0,0,0,0,1,10,0
591,SOUTH ASIAN BAZAAR,COLUMBUS,1995 MORSE RD,6,4,0,0,0,0,31,1,1
592,SOUTH HIGH MOBIL,COLUMBUS,2727 S HIGH ST,12,3,2,1,0,1,15,6,0
593,SOUTH HIGH SMOKE SHOP,COLUMBUS,3396 S HIGH ST,12,4,1,0,0,0,10,1,0
594,SPARTANS MARKET,COLUMBUS,4992 LINDORA DR,12,3,0,0,0,0,17,1,1
595,SPEEDWAY 1180,COLUMBUS,4494 KENNY RD,5,1,0,0,0,0,13,10,0
596,SPEEDWAY 1193,COLUMBUS,4240 MORSE RD,4,2,0,0,0,0,6,5,0
597,SPEEDWAY 1204,CANAL WINCHESTER,6399 REFUGEE RD,12,3,2,0,1,0,2,1,0
598,SPEEDWAY 1216,COLUMBUS,6175 E LIVINGSTON AVE,7,2,0,0,0,0,28,5,1
599,SPEEDWAY 2034,COLUMBUS,2875 STELZER RD,7,2,0,0,0,0,9,5,0
600,SPEEDWAY 3323,COLUMBUS,1442 N CASSADY AVE,7,4,1,0,0,0,12,1,0
601,SPEEDWAY 3384,COLUMBUS,825 WORTHINGTON WOODS BLVD,2,1,0,0,0,0,13,10,0
602,SPEEDWAY 4275,BLACKLICK,7860 E BROAD ST,7,2,0,0,0,0,9,5,0
603,SPEEDWAY 5117,COLUMBUS,5657 CLEVELAND AVE,3,1,0,0,0,0,20,10,1
604,SPEEDWAY 5128,COLUMBUS,3860 S HIGH ST,12,4,2,0,1,0,19,1,1
605,SPEEDWAY 5235,COLUMBUS,635 WEBER RD,6,3,0,0,0,0,1,1,0
606,SPEEDWAY 5238,GALLOWAY,955 S GALLOWAY RD,11,2,0,0,0,0,28,5,1
607,SPEEDWAY 5284,COLUMBUS,799 N WILSON RD,10,4,2,0,0,1,8,1,0
608,SPEEDWAY 6202,COLUMBUS,744 W 5TH AVE,8,2,0,0,0,0,10,5,0
609,SPEEDWAY 8345,COLUMBUS,4830 N HAMILTON RD,4,5,1,0,0,0,11,1,0
610,SPEEDWAY 9147,COLUMBUS,1434 BETHEL RD,2,1,0,0,0,0,21,10,1
611,SPEEDWAY 9151,COLUMBUS,4901 E MAIN ST,11,5,0,0,0,0,18,1,1
612,SPEEDWAY 9159,COLUMBUS,1790 HENDERSON RD,2,0,0,0,0,0,0,20,1
613,SPEEDWAY 9165,COLUMBUS,3233 REFUGEE RD,12,4,1,0,0,0,17,1,1
614,SPEEDWAY 9249,COLUMBUS,3974 CLEVELAND AVE,6,0,0,0,0,0,5,20,0
615,SPEEDWAY 9263,COLUMBUS,6425 E BROAD ST,7,4,1,0,0,0,34,1,1
616,SPEEDWAY 9265,HILLIARD,2567 WALCUTT RD,5,5,1,0,0,1,4,1,0
617,SPEEDWAY 9268,COLUMBUS,1505 HARRISBURG PIKE,11,1,1,1,0,0,20,15,1
618,SPEEDWAY 9270,REYNOLDSBURG,2775 BRICE RD,7,5,0,0,0,0,10,1,0
619,SPEEDWAY 9281,COLUMBUS,2510 N HIGH ST,8,4,1,0,0,0,20,1,1
620,SPEEDWAY 9283,DUBLIN,5984 SAWMILL RD,2,5,1,1,0,1,17,6,0
621,SPEEDWAY 9298,COLUMBUS,1700 HILLIARD ROME RD,5,4,1,1,0,0,10,6,0
622,SPEEDWAY 9339,COLUMBUS,2965 E MAIN ST,11,5,1,1,0,0,25,6,1
623,SPEEDWAY 9340,COLUMBUS,5735 MAPLE CANYON AVE,4,0,0,0,0,0,0,20,1
624,SPEEDWAY 9356,COLUMBUS,3611 FISHINGER BLVD,5,1,0,0,0,0,25,10,1
625,SPEEDWAY 9371,COLUMBUS,1626 W 5TH AVE,8,0,0,0,0,0,2,20,0
626,SPEEDWAY 9376,LEWIS CENTER,770 POLARIS PKWY,1,3,0,0,0,0,9,1,0
627,SPEEDWAY 9706,COLUMBUS,3304 E BROAD ST,11,5,2,0,0,0,17,1,0
628,SPEEDWAY 9751,COLUMBUS,1165 S HIGH ST,14,4,2,0,0,0,29,1,0
629,SPEEDWAY 9770,COLUMBUS,1103 MORSE RD,6,1,0,0,0,0,2,10,0
630,SPEEDWAY 9775,COLUMBUS,821 E DUBLIN GRANVILLE RD,4,5,0,0,0,0,0,1,1
631,SPEEDY DRIVE THRU & SMOKE,COLUMBUS,2421 SULLIVANT AVE,10,2,0,0,0,0,18,5,1
632,SPEEDY MART,COLUMBUS,1475 S CHAMPION AVE,14,3,0,0,0,0,22,1,1
633,SPEEDY MART,COLUMBUS,3377 E LIVINGSTON AVE,11,2,0,0,0,0,3,5,0
634,SQUARE'S CARRY OUT,COLUMBUS,5870 COLUMBUS SQ,3,1,0,0,0,0,14,10,1
635,STAFFORD'S MARKET,COLUMBUS,2204 PARKWOOD AVE,9,1,0,0,0,0,30,10,1
636,STAR CARRY OUT,COLUMBUS,1565 N 4TH ST,8,1,0,0,0,0,2,10,0
637,STAR MART,COLUMBUS,1910 LOCKBOURNE RD,14,0,0,0,0,0,0,20,1
638,STEELE AVENUE MARKET,COLUMBUS,2552 STEELE AVE,10,2,1,0,0,0,34,5,1
639,STELZER FOOD EXPRESS,COLUMBUS,755 STELZER RD,11,2,0,0,0,0,35,5,1
640,STOP-N-SHOP MARKET,COLUMBUS,1858 LOCKBOURNE RD,14,3,1,0,0,1,27,1,0
641,STRAIGHT UP SMOKE SHOP & FOOD MART,COLUMBUS,1290 S HIGH ST,14,2,1,1,0,0,9,10,0
642,SULLIVANT BP,COLUMBUS,2800 SULLIVANT AVE,10,3,0,0,0,0,23,1,1
643,SUNOCO,COLUMBUS,1010 HARMON AVE,13,3,0,0,0,0,25,1,1
644,SUNOCO,COLUMBUS,1690 S HIGH ST,13,3,0,0,0,0,20,1,1
645,SUNOCO,COLUMBUS,3034 E BROAD ST,11,5,1,0,0,0,18,1,1
646,SUNOCO,COLUMBUS,726 W BROAD ST,13,1,0,0,0,0,35,10,1
647,SUNOCO,COLUMBUS,993 KING AVE,8,5,1,0,0,1,12,1,0
648,SUNOCO GAS,COLUMBUS,2570 N HIGH ST,8,5,3,0,1,1,19,1,0
649,SUNOCO GAS,COLUMBUS,4840 SINCLAIR RD,4,5,1,0,0,1,11,1,0
650,SUNOCO WEST BROAD,COLUMBUS,2725 W BROAD ST,10,5,0,0,0,0,2,1,0
651,SUNSHINE FOOD MARKET,COLUMBUS,5880 NORTHMEADOWS BLVD UNIT A,4,5,1,0,0,1,17,1,0
652,SUNSHINE GROCERY,COLUMBUS,4583 MORSE CENTER RD,4,4,1,1,0,0,16,6,1
653,SUPER FOOD MART,COLUMBUS,3166 N HIGH ST,6,4,1,1,0,1,13,6,0
654,SUPER SPEEDY,COLUMBUS,1585 E DUBLIN GRANVILLE RD,4,4,2,1,1,1,1,6,0
655,SUPER USA 202,COLUMBUS,980 DEMOREST RD,10,0,0,0,0,0,14,20,1
656,TAMARACK SUNOCO,COLUMBUS,1886 TAMARACK CIR S,4,1,0,0,0,0,5,10,0
657,TARA SUPER,COLUMBUS,2131 CLEVELAND AVE,9,5,0,0,0,0,11,1,0
658,THE DRUG STORE,COLUMBUS,2940 GROVEPORT RD,12,3,0,0,0,0,23,1,1
659,THE EXHALE SHOP MARKET,COLUMBUS,1640 E DUBLIN GRANVILLE RD STE 7,3,5,1,0,0,1,5,1,0
660,THE JOINT,COLUMBUS,1186 N HIGH ST,9,1,0,0,0,0,11,10,0
661,THE SPACE STATION SMOKE SHOP,COLUMBUS,773 PARSONS AVE,14,3,1,0,0,0,21,1,1
662,THE SPOT BAR,COLUMBUS,5999 E LIVINGSTON AVE,7,3,0,0,0,0,35,1,1
663,THIRSTY DRIVE THRU,COLUMBUS,4027 E LIVINGSTON AVE,11,2,1,0,0,0,26,5,1
664,THORNTON #501,COLUMBUS,2333 N WILSON RD,5,1,0,0,0,0,3,10,0
665,THORNTONS #36,COLUMBUS,4600 WINCHESTER PIKE,12,4,0,0,0,0,29,1,1
666,THORNTONS #66,COLUMBUS,1771 NORTON RD,11,2,0,0,0,0,20,5,1
667,THORTON #500,COLUMBUS,3898 ALUM CREEK DR,12,3,1,0,0,0,23,1,1
668,THREE STAR FOOD MART,COLUMBUS,1107 E WEBER RD,6,3,0,0,0,0,16,1,1
669,THURBER VILLAGE MARKET,COLUMBUS,660 NEIL AVE,9,5,0,0,0,0,28,1,1
670,TINDER BOX #378,DUBLIN,5881-87 KARRIC SQUARE DR,5,1,0,0,0,0,35,10,1
671,TINDER BOX #408,COLUMBUS,4028 TOWNSFAIR WY,7,4,3,0,1,0,33,1,0
672,TO THE MOON SMOKE & VAPE,COLUMBUS,3329 E BROAD ST,11,1,0,0,0,0,33,10,1
673,TO THE MOON SMOKE & VAPE,WESTERVILLE,8293 MARKET EXCHANGE DR,2,4,0,0,0,0,28,1,1
674,TOBACCO DISCOUNTER,COLUMBUS,2139 EAKIN RD,11,2,0,0,0,0,18,5,1
675,TOBACCO DISCOUNTERS,COLUMBUS,208 GRACELAND BLVD,6,1,0,0,0,0,27,10,1
676,TOBACCO DISCOUNTERS,COLUMBUS,3767 S HIGH ST,12,1,0,0,0,0,31,10,1
677,TOBACCO FOR LESS,COLUMBUS,2410 N HIGH ST,8,1,0,0,0,0,24,10,1
678,TOBACCO INTERNATIONAL,COLUMBUS,18 E 13TH AVE,8,1,0,0,0,0,9,10,0
679,TOBACCO OUTLET,COLUMBUS,5769 CLEVELAND AVE,3,2,1,1,0,0,21,10,1
680,TOBACCO OUTLET III,COLUMBUS,2807 W BROAD ST,10,3,2,0,1,0,29,1,1
681,TOBACCO PLUS,COLUMBUS,2966 HAYDEN RD,5,5,3,0,0,0,11,1,0
682,TOBACCO PLUS,COLUMBUS,3520 CLIME RD,11,2,0,0,0,0,23,5,1
683,TOBACCO PLUS CLINTONVILLE,COLUMBUS,4672 INDIANOLA AVE,6,3,0,0,0,0,30,1,1
684,TOBACCO PLUS MINI MART,WESTERVILLE,6457 N HAMILTON RD,4,2,0,0,0,0,10,5,0
685,TOBACO SHOP DRIVE THRU,COLUMBUS,1500 W BROAD ST,13,5,1,0,0,1,20,1,0
686,TOKE N' JOKE HEADSHOP,COLUMBUS,1641 SULLIVANT AVE,10,5,0,0,0,0,23,1,1
687,TOP NOTCH VAPOR,COLUMBUS,3496 W DUBLIN - GRANVILLE RD,1,4,0,0,0,0,19,1,1
688,TRABUE FOOD MART,COLUMBUS,4111 TRABUE RD,8,1,0,0,0,0,19,10,1
689,TROPICAL TRENDS,COLUMBUS,2594 BETHEL RD,2,5,2,1,1,0,2,6,0
690,TRUE NORTH STORE #602,COLUMBUS,3970 MORSE RD,3,2,2,1,1,0,1,10,0
691,TRUE NORTH STORE #604,COLUMBUS,8500 N HIGH ST,1,5,0,0,0,0,23,1,1
692,TRUE NORTH STORE #605,COLUMBUS,5989 E MAIN ST,7,3,1,1,0,0,15,6,1
693,TRUE NORTH STORE #606,COLUMBUS,1195 MORSE RD,6,1,1,1,0,1,15,15,0
694,TRUE NORTH STORE #608,COLUMBUS,1500 HILLIARD ROME RD,5,4,3,0,1,0,27,1,0
695,TRUE NORTH STORE #609,COLUMBUS,6790 SAWMILL RD,1,5,1,1,0,0,15,6,1
696,TRUE NORTH STORE #610,COLUMBUS,2800 BETHEL RD,2,3,2,0,1,0,18,1,1
697,TRUE NORTH STORE #611,DUBLIN,5340 TUTTLE CROSSING BLVD,1,5,2,1,0,0,25,6,0
698,TRUE NORTH STORE #612,COLUMBUS,631 S HIGH ST,14,5,0,0,0,0,35,1,1
699,TRUE NORTH STORE #675,COLUMBUS,1955 POLARIS PKWY,2,2,1,0,0,0,11,5,0
700,TRUE NORTH STORE #676,HILLIARD,3975 RIDGE MILL DR,5,4,0,0,0,0,3,1,0
701,TRUE NORTH STORE #677,COLUMBUS,2441 LOCKBOURNE RD,12,2,0,0,0,0,30,5,1
702,TURKEY HILL #704,COLUMBUS,2685 N HIGH ST,6,2,0,0,0,0,31,5,1
703,TURKEY HILL #705,COLUMBUS,1953 MORSE RD,6,3,2,0,1,0,14,1,1
704,TURKEY HILL #717,COLUMBUS,950 GEORGESVILLE RD,11,4,0,0,0,0,6,1,0
705,TURKEY HILL MINIT MARKET,DUBLIN,5350 TUTTLE CROSSING BLVD,1,3,0,0,0,0,10,1,0
706,TURKEY HILL MINIT MARKET #706,COLUMBUS,1880 E BROAD ST,13,4,2,1,0,0,22,6,0
707,TURKEY HILL MINIT MARKET #708,COLUMBUS,1425 N CASSADY AVE,9,2,0,0,0,0,16,5,1
708,TURKEY HILL MINIT MARKET #712,COLUMBUS,3900 S HIGH ST,12,2,0,0,0,0,18,5,1
709,TURKEY HILL MINIT MARKET #720,COLUMBUS,2731 WINCHESTER PIKE,12,5,1,0,0,0,26,1,1
710,TURKEY HILL MINIT MARKET STORE #701,COLUMBUS,6195 CLEVELAND AVE,3,1,0,0,0,0,19,10,1
711,TURKEY HILL MINIT MARKETS- TURKEY HILL #600,BLACKLICK,930 N WAGGONER RD,7,4,2,0,1,0,22,1,1
712,UNCLE MAX GAS & FOOD,COLUMBUS,1221 E HUDSON ST,9,5,1,0,0,0,10,1,0
713,UNITED DAIRY FARMERS #612,COLUMBUS,3535 CLIME RD,11,1,0,0,0,0,35,10,1
714,UNITED DAIRY FARMERS #613,WORTHINGTON,2204 W DUBLIN-GRANVILLE RD,3,3,0,0,0,0,21,1,1
715,UNITED DAIRY FARMERS #615,COLUMBUS,5370 N HIGH ST,6,3,1,0,0,0,11,1,0
716,UNITED DAIRY FARMERS #622,COLUMBUS,1930 HARD RD,1,3,0,0,0,0,15,1,1
717,UNITED DAIRY FARMERS #624,DUBLIN,5025 TUTTLE CROSSING BLVD,1,3,0,0,0,0,18,1,1
718,UNITED DAIRY FARMERS #628,COLUMBUS,2094 N HIGH ST,8,4,1,1,0,0,10,6,0
719,UNITED DAIRY FARMERS #632,COLUMBUS,880 N HIGH ST,9,5,0,0,0,0,16,1,1
720,UNITED DAIRY FARMERS #634,COLUMBUS,1680 N HIGH ST,8,2,1,0,0,1,20,5,0
721,UNITED DAIRY FARMERS #635,COLUMBUS,3388 INDIANOLA AVE,6,1,1,1,0,0,22,15,1
722,UNITED DAIRY FARMERS #644,COLUMBUS,3728 KARL RD,6,5,0,0,0,0,32,1,1
723,UNITED DAIRY FARMERS #646,COLUMBUS,1043 W BROAD ST,13,3,1,0,0,0,28,1,1
724,UNITED DAIRY FARMERS #649,COLUMBUS,530 S HAGUE AVE,10,2,0,0,0,0,17,5,1
725,UNITED DAIRY FARMERS #652,WORTHINGTON,7580 WORTH-GALENA RD,2,2,0,0,0,0,0,5,1
726,UNITED DAIRY FARMERS #653,COLUMBUS,8480 N HIGH ST,1,1,0,0,0,0,3,10,0
727,UNITED DAIRY FARMERS #654,REYNOLDSBURG,6525 TUSSING RD,7,1,1,1,0,0,32,15,1
728,UNITED DAIRY FARMERS #656,COLUMBUS,327 E HUDSON ST,8,1,0,0,0,0,35,10,1
729,UNITED DAIRY FARMERS #667,COLUMBUS,4775 SUNBURY RD,7,4,0,0,0,0,4,1,0
730,UNITED DAIRY FARMERS #669,COLUMBUS,901 NORTON RD,11,1,1,1,0,1,3,15,0
731,UNITED DAIRY FARMERS #670,COLUMBUS,1188 N WILSON RD,8,3,1,0,0,0,27,1,1
732,UNITED DAIRY FARMERS #674,COLUMBUS,2191 POLARIS PKWY,2,0,0,0,0,0,0,20,1
733,UNITED DAIRY FARMERS #676,COLUMBUS,1341 GEORGESVILLE RD,11,4,1,0,0,0,14,1,1
734,UNITED DAIRY FARMERS #677,WESTERVILLE,5230 WARNER RD,4,2,0,0,0,0,30,5,1
735,UNITED DAIRY FARMERS #680,DUBLIN,5171 RIGGINS RD,1,4,2,0,1,0,2,1,0
736,UNITED FOOD MART,COLUMBUS,2805 S HIGH ST,12,5,1,0,0,1,3,1,0
737,UNIVERSITY MARATHON,COLUMBUS,1584 SUMMIT ST,8,1,0,0,0,0,4,10,0
738,UP IN SMOKE SHOP,COLUMBUS,2926 S HIGH ST,12,4,0,0,0,0,25,1,1
739,US FOOD MART,COLUMBUS,1975 W MOUND ST,10,4,3,1,1,0,9,6,0
740,USA TOBACCO,COLUMBUS,4967 N HIGH ST,6,1,0,0,0,0,28,10,1
741,VANS CARRYOUT,COLUMBUS,1270 W TOWN ST,13,1,1,1,0,0,5,15,0
742,VAPE STAR,COLUMBUS,6634 SAWMILL RD,1,0,0,0,0,0,0,20,1
743,VAPOR HIGH UP INC,WESTERVILLE,8282 SANCUS BLVD,2,2,1,0,0,1,2,5,0
744,VAPOR MAVEN,COLUMBUS,1345 WORTHINGTON CENTRE DR,2,1,1,1,0,0,1,15,0
745,VAPOR MAVEN,COLUMBUS,1617 GEORGESVILLE SQUARE DR,11,1,1,1,0,0,19,15,1
746,VAPORFI,COLUMBUS,1077 POLARIS PKWY,1,3,1,0,0,0,23,1,1
747,VILLAGE CIGARS,COLUMBUS,1044 S HIGH ST,14,5,2,0,1,0,13,1,0
748,WAGGONER FOOD MART,BLACKLICK,7700 KENNEDY RD,7,2,0,0,0,0,26,5,1
749,WAHBI EXPRESS,COLUMBUS,436 N CHAMPION AVE,13,5,3,1,1,0,10,6,0
750,WALGREENS  #06119,BLACKLICK,7900 E BROAD ST,7,1,0,0,0,0,35,10,1
751,WALGREENS #01317,COLUMBUS,3445 S HIGH ST,12,1,1,1,0,1,14,15,0
752,WALGREENS #07368,COLUMBUS,4890 N HIGH ST,6,4,1,0,0,0,9,1,0
753,WALGREENS #07523,GALLOWAY,5690 W BROAD ST,5,2,0,0,0,0,1,5,0
754,WALGREENS #07525,COLUMBUS,2150 E DUBLIN GRANVILLE RD,3,2,0,0,0,0,13,5,0
755,WALGREENS #09093,COLUMBUS,5195 N HAMILTON RD,4,2,0,0,0,0,31,5,1
756,WALGREENS #09540,COLUMBUS,4530 KENNY RD,3,5,1,0,0,0,20,1,1
757,WALGREENS #09541,NEW ALBANY,5555 NEW ALBANY RD E,4,3,0,0,0,0,28,1,1
758,WALGREENS #10050,COLUMBUS,6201 E BROAD ST,7,3,3,1,1,0,16,6,0
759,WALGREENS #12083,COLUMBUS,1444 W 5TH AVE,8,1,0,0,0,0,17,10,1
760,WALGREENS #13007,COLUMBUS,1040 POLARIS PKWY,1,3,2,0,1,0,6,1,0
761,WALGREENS #21398,COLUMBUS,1782 N HIGH ST,8,2,1,0,0,0,31,5,1
762,WALGREENS #6273,COLUMBUS,3015 E LIVINGSTON AVE,11,5,2,0,1,0,33,1,1
763,WALGREENS #6378,COLUMBUS,2770 W BROAD ST,10,5,1,0,0,0,29,1,1
764,WALGREENS #6981,COLUMBUS,1280 DEMOREST RD,11,1,1,1,0,0,26,15,1
765,WEBER MARKET,COLUMBUS,727 E WEBER RD,6,0,0,0,0,0,26,20,1
766,WEBER ROAD MARKET,COLUMBUS,900 E WEBER RD,6,3,0,0,0,0,7,1,0
767,WEST BROAD CARRY OUT,COLUMBUS,1485 W BROAD ST,13,1,0,0,0,0,19,10,1
768,WEST BROAD SHELL/OB,COLUMBUS,1000 W BROAD ST,13,4,0,0,0,0,11,1,0
769,WEST HENDERSON MARKET,COLUMBUS,2264 W HENDERSON RD,5,2,1,1,0,1,27,10,0
770,WHEATLAND FOOD MART,COLUMBUS,1432 MT VERNON AVE,13,5,1,0,0,0,29,1,1
771,WILLYS MARKET,COLUMBUS,1917 HAMILTON AVE,9,1,0,0,0,0,20,10,1
772,WILSON MARKET,COLUMBUS,1081 E WHITTIER ST,14,0,0,0,0,0,0,20,1
773,WILSON MARKET,COLUMBUS,179 WILSON AVE,14,0,0,0,0,0,0,20,1
774,WINE & BREW EMPORIUM,WESTERVILLE,6154 S SUNBURY RD UNIT B,4,1,0,0,0,0,2,10,0
775,WOODLAND EXPRESS,COLUMBUS,1785 WOODLAND AVE,9,5,0,0,0,0,3,1,0
776,WORTHINGTON MARATHON,WORTHINGTON,911 HIGH ST,3,4,0,0,0,0,10,1,0
777,YATES BEVERAGE CENTER,COLUMBUS,5773 CLEVELAND AVE,3,1,1,1,0,1,22,15,0
778,YBB MARKET,COLUMBUS,2900 WESTERVILLE RD,6,2,0,0,0,0,1,5,0
779,YOUR BOYZ SMOKE SHOP,COLUMBUS,2357 W BROAD ST,10,4,1,0,0,0,9,1,0
780,ZACK'S CORNER STOP,COLUMBUS,1055 E WEBER RD,6,3,1,0,0,0,3,1,0
781,ZIGGY'S DRIVE THRU,COLUMBUS,350 W 3RD AVE,9,0,0,0,0,0,0,20,1
782,ZIP THRU 2 BEER & WINE,COLUMBUS,1146 NORTON RD,11,1,0,0,0,0,35,10,1
